Date,Temp,Turb,EC,pH,Colour,Bicarbonate,Silica,TKN,Sol_react_P,Flow,Cyano
1985/6/1,13,32,512,7.8,12,204,16.7,0.68,0.26,230,32018.4
1985/6/2,13,32,512,7.8,12,204,16.7,0.68,0.26,234,19029.6
1985/6/3,13,32,512,7.8,12,204,16.7,0.68,0.26,238,6048
1985/6/4,12,30,525,7.8,11,204,14.1,0.76,0.21,246,5292
1985/6/5,12,30,525,7.8,11,204,14.1,0.76,0.21,246,4536
1985/6/6,12,30,525,7.8,11,204,14.1,0.76,0.21,246,3780
1985/6/7,12,30,525,7.8,11,204,14.1,0.76,0.21,252,3024
1985/6/8,12,30,525,7.8,11,204,14.1,0.76,0.21,256,2268
1985/6/9,12,30,525,7.8,11,204,14.1,0.76,0.21,259,1512
1985/6/10,12,30,525,7.8,11,204,14.1,0.76,0.21,259,756
1985/6/11,12,30,525,7.8,11,204,14.1,0.76,0.21,259,0
1985/6/12,11,28,540,8,11,204,15.5,0.75,0.26,259,26589.6
1985/6/13,11,28,540,8,11,204,15.5,0.75,0.26,253,53179.2
1985/6/14,11,28,540,8,11,204,15.5,0.75,0.26,247,79768.8
1985/6/15,11,28,540,8,11,204,15.5,0.75,0.26,241,106351.2
1985/6/16,11,28,540,8,11,204,15.5,0.75,0.26,241,132940.8
1985/6/17,11,28,540,8,11,204,15.5,0.75,0.26,238,159530.4
1985/6/18,11,28,540,8,11,204,15.5,0.75,0.26,235,186120
1985/6/19,13,25,511,7.6,11,204,15.4,0.69,0.18,235,162453.6
1985/6/20,13,25,511,7.6,11,204,15.4,0.69,0.18,230,138787.2
1985/6/21,11,18,500,8,11,204,15.4,0.69,0.18,229,115120.8
1985/6/22,11,18,500,8,11,204,15.4,0.69,0.18,226,91447.2
1985/6/23,11,18,500,8,11,204,15.4,0.69,0.18,224,67780.8
1985/6/24,11,18,500,8,11,204,15.4,0.69,0.18,224,44114.4
1985/6/25,11,18,500,8,11,204,15.4,0.69,0.18,218,20448
1985/6/26,10,19,520,8,10,200,15.7,0.85,0.17,212,17524.8
1985/6/27,10,19,520,8,10,200,15.7,0.85,0.17,212,14608.8
1985/6/28,10,19,520,8,10,200,15.7,0.85,0.17,212,11685.6
1985/6/29,10,19,520,8,10,200,15.7,0.85,0.17,213,8762.4
1985/6/30,10,19,520,8,10,200,15.7,0.85,0.17,210,5839.2
1985/7/1,10,19,520,8,10,200,15.7,0.85,0.17,204,2923.2
1985/7/2,10,19,520,8,10,200,15.7,0.85,0.17,196,0
1985/7/3,9.5,20,540,8.2,10,200,15,0.67,0.11,186,0
1985/7/4,9.5,20,540,8.2,10,200,15,0.67,0.11,179,0
1985/7/5,9.5,20,540,8.2,10,200,15,0.67,0.11,172,0
1985/7/6,9.5,20,540,8.2,10,200,15,0.67,0.11,167,0
1985/7/7,9.5,20,540,8.2,10,200,15,0.67,0.11,160,0
1985/7/8,9.5,20,540,8.2,10,200,15,0.67,0.11,153,0
1985/7/9,9.5,20,540,8.2,10,200,15,0.67,0.11,153,0
1985/7/10,9,20,489,8.2,10,200,15.6,0.72,0.11,146,0
1985/7/11,9,20,489,8.2,10,200,15.6,0.72,0.11,146,0
1985/7/12,9,20,489,8.2,10,200,15.6,0.72,0.11,148,0
1985/7/13,9,20,489,8.2,10,200,15.6,0.72,0.11,148,0
1985/7/14,9,20,489,8.2,10,200,15.6,0.72,0.11,148,0
1985/7/15,9,20,489,8.2,10,200,15.6,0.72,0.11,143,0
1985/7/16,9,20,489,8.2,10,200,15.6,0.72,0.11,143,0
1985/7/17,9.5,28,518,8.1,10,200,15.2,0.58,0.13,140,0
1985/7/18,9.5,28,518,8.1,10,200,15.2,0.58,0.13,137,0
1985/7/19,9.5,28,518,8.1,10,200,15.2,0.58,0.13,137,0
1985/7/20,9.5,28,518,8.1,10,200,15.2,0.58,0.13,138,0
1985/7/21,9.5,28,518,8.1,10,200,15.2,0.58,0.13,138,0
1985/7/22,9.5,28,518,8.1,10,200,15.2,0.58,0.13,138,0
1985/7/23,9.5,28,518,8.1,10,200,15.2,0.58,0.13,142,0
1985/7/24,10.5,27,520,8.2,8,38,13.9,0.67,0.19,152,0
1985/7/25,10.5,27,520,8.2,8,38,13.9,0.67,0.19,155,0
1985/7/26,10.5,27,520,8.2,8,38,13.9,0.67,0.19,156,0
1985/7/27,10.5,27,520,8.2,8,38,13.9,0.67,0.19,153,0
1985/7/28,10.5,27,520,8.2,8,38,13.9,0.67,0.19,150,0
1985/7/29,10.5,27,520,8.2,8,38,13.9,0.67,0.19,150,0
1985/7/30,10.5,27,520,8.2,8,38,13.9,0.67,0.19,150,0
1985/8/1,12,35,525,7.8,8,38,14,0.35,0.16,150,0
1985/8/2,12,35,525,7.8,8,38,14,0.35,0.16,151,0
1985/8/3,12,35,525,7.8,8,38,14,0.35,0.16,151,0
1985/8/4,12,35,525,7.8,8,38,14,0.35,0.16,151,0
1985/8/5,12,35,525,7.8,8,38,14,0.35,0.16,157,0
1985/8/6,12,35,525,7.8,8,38,14,0.35,0.16,163,0
1985/8/7,12,40,525,7.8,8,38,13.8,0.67,0.17,166,0
1985/8/8,12,40,525,7.8,8,38,13.8,0.67,0.17,166,0
1985/8/9,12,40,525,7.8,8,38,13.8,0.67,0.17,166,0
1985/8/10,12,40,525,7.8,8,38,13.8,0.67,0.17,167,0
1985/8/11,12,40,525,7.8,8,38,13.8,0.67,0.17,167,0
1985/8/12,12,40,525,7.8,8,38,13.8,0.67,0.17,161,0
1985/8/13,12,40,525,7.8,8,38,13.8,0.67,0.17,160,0
1985/8/14,13,45,599,7.9,8,38,0.5,0.53,0.01,155,1462.6
1985/8/15,13,45,599,7.9,8,38,0.5,0.53,0.01,153,2925.2
1985/8/16,13,45,599,7.9,8,38,0.5,0.53,0.01,149,4387.8
1985/8/17,13,45,599,7.9,8,38,0.5,0.53,0.01,150,5836.2
1985/8/18,13,45,599,7.9,8,38,0.5,0.53,0.01,150,7298.8
1985/8/19,13,45,599,7.9,8,38,0.5,0.53,0.01,150,8761.4
1985/8/20,13,45,599,7.9,8,38,0.5,0.53,0.01,149,10224
1985/8/21,14,40,520,7.9,8,213,13.7,0.53,0.18,144,8761.4
1985/8/22,14,40,520,7.9,8,213,13.7,0.53,0.18,148,7298.8
1985/8/23,14,40,520,7.9,8,213,13.7,0.53,0.18,151,5836.2
1985/8/24,14,40,520,7.9,8,213,13.7,0.53,0.18,156,4387.8
1985/8/25,14,40,520,7.9,8,213,13.7,0.53,0.18,156,2925.2
1985/8/26,14,40,520,7.9,8,213,13.7,0.53,0.18,157,1462.6
1985/8/27,14,40,520,7.9,8,213,13.7,0.53,0.18,154,0
1985/8/28,13,35,539,7.9,8,213,13.8,0.31,0.17,151,43581.6
1985/8/29,13,35,539,7.9,8,213,13.8,0.31,0.17,151,87170.4
1985/8/30,13,35,539,7.9,8,213,13.8,0.31,0.17,151,130752
1985/9/1,13,35,539,7.9,8,213,13.8,0.31,0.17,147,174333.6
1985/9/2,13,35,539,7.9,8,213,13.8,0.31,0.17,146,217922.4
1985/9/3,13,35,539,7.9,8,213,13.8,0.31,0.17,146,261504
1985/9/4,14,30,523,7.9,8,213,13.6,0.58,0.19,146,355845.6
1985/9/5,14,30,523,7.9,8,213,13.6,0.58,0.19,146,450187.2
1985/9/6,14,30,523,7.9,8,213,13.6,0.58,0.19,143,544528.8
1985/9/7,14,30,523,7.9,8,213,13.6,0.58,0.19,139,638863.2
1985/9/8,14,30,523,7.9,8,213,13.6,0.58,0.19,135,733204.8
1985/9/9,14,30,523,7.9,8,213,13.6,0.58,0.19,134,827546.4
1985/9/10,14,30,523,7.9,8,213,13.6,0.58,0.19,134,921888
1985/9/11,16,37,530,7.8,8,213,13.9,0.66,0.02,136,888847.2
1985/9/12,16,37,530,7.8,8,213,13.9,0.66,0.02,136,855813.6
1985/9/13,16,37,530,7.8,8,213,13.9,0.66,0.02,136,822772.8
1985/9/14,16,37,530,7.8,8,213,13.9,0.66,0.02,136,789739.2
1985/9/15,16,37,530,7.8,8,213,13.9,0.66,0.02,136,756698.4
1985/9/16,16,37,530,7.8,8,213,13.9,0.66,0.02,136,723664.8
1985/9/17,16,37,530,7.8,8,213,13.9,0.66,0.02,136,690624
1985/9/18,16.5,34,539,7.9,8,215,14.7,0.64,0.23,137,687909.6
1985/9/19,16.5,34,539,7.9,8,215,14.7,0.64,0.23,133,685195.2
1985/9/20,16.5,34,539,7.9,8,215,14.7,0.64,0.23,132,682480.8
1985/9/21,16.5,34,539,7.9,8,215,14.7,0.64,0.23,132,679759.2
1985/9/22,16.5,34,539,7.9,8,215,14.7,0.64,0.23,132,677044.8
1985/9/23,16.5,34,539,7.9,8,215,14.7,0.64,0.23,132,674330.4
1985/9/24,16.5,34,539,7.9,8,215,14.7,0.64,0.23,131,671616
1985/9/25,17,30,548,8,8,215,15.9,0.62,0.19,125,584827.2
1985/9/26,17,30,548,8,8,215,15.9,0.62,0.19,122,498031.2
1985/9/27,17,30,548,8,8,215,15.9,0.62,0.19,122,411242.4
1985/9/28,17,30,548,8,8,215,15.9,0.62,0.19,122,324453.6
1985/9/29,17,30,548,8,8,215,15.9,0.62,0.19,122,237664.8
1985/9/30,17,30,548,8,8,215,15.9,0.62,0.19,123,150868.8
1985/10/1,17,30,548,8,8,215,15.9,0.62,0.19,120,64080
1985/10/2,19,40,540,7.8,8,215,16.2,0.84,0.17,118,54928.8
1985/10/3,19,40,540,7.8,8,215,16.2,0.84,0.17,114,45770.4
1985/10/4,19,40,540,7.8,8,215,16.2,0.84,0.17,114,36619.2
1985/10/5,19,40,540,7.8,8,215,16.2,0.84,0.17,116,27460.8
1985/10/6,19,40,540,7.8,8,215,16.2,0.84,0.17,119,18309.6
1985/10/7,19,40,540,7.8,8,215,16.2,0.84,0.17,122,9151.2
1985/10/8,19,40,540,7.8,8,215,16.2,0.84,0.17,129,0
1985/10/9,19,47,530,7.6,8,215,16.5,0.6,0.23,131,0
1985/10/10,19,47,530,7.6,8,215,16.5,0.6,0.23,131,0
1985/10/11,19,47,530,7.6,8,215,16.5,0.6,0.23,137,0
1985/10/12,19,47,530,7.6,8,215,16.5,0.6,0.23,142,0
1985/10/13,19,47,530,7.6,8,215,16.5,0.6,0.23,142,0
1985/10/14,19,47,530,7.6,8,215,16.5,0.6,0.23,142,0
1985/10/15,19,47,530,7.6,8,215,16.5,0.6,0.23,147,0
1985/10/16,19.5,50,510,7.8,11,225,19.2,1.04,0.27,151,0
1985/10/17,19.5,50,510,7.8,11,225,19.2,1.04,0.27,163,0
1985/10/18,19.5,50,510,7.8,11,225,19.2,1.04,0.27,164,0
1985/10/19,19.5,50,510,7.8,11,225,19.2,1.04,0.27,164,0
1985/10/20,19.5,50,510,7.8,11,225,19.2,1.04,0.27,164,0
1985/10/21,19.5,50,510,7.8,11,225,19.2,1.04,0.27,169,0
1985/10/22,19.5,50,510,7.8,11,225,19.2,1.04,0.27,173,0
1985/10/23,20,55,510,7.9,11,225,19.1,1.15,0.27,176,0
1985/10/24,20,55,510,7.9,11,225,19.1,1.15,0.27,182,0
1985/10/25,20,55,510,7.9,11,225,19.1,1.15,0.27,164,0
1985/10/26,20,55,510,7.9,11,225,19.1,1.15,0.27,164,0
1985/10/27,20,55,510,7.9,11,225,19.1,1.15,0.27,165,0
1985/10/28,20,55,510,7.9,11,225,19.1,1.15,0.27,162,0
1985/10/29,20,55,510,7.9,11,225,19.1,1.15,0.27,155,0
1985/10/30,22,79,510,7.8,11,225,20.8,0.51,0.31,149,0
1985/11/1,22,79,510,7.8,11,225,20.8,0.51,0.31,149,0
1985/11/2,22,79,510,7.8,11,225,20.8,0.51,0.31,149,0
1985/11/3,22,79,510,7.8,11,225,20.8,0.51,0.31,149,0
1985/11/4,22,79,510,7.8,11,225,20.8,0.51,0.31,150,0
1985/11/5,24,54,515,7.9,11,225,18.5,0.58,0.4,154,0
1985/11/6,24,54,515,7.9,11,225,18.5,0.58,0.4,165,0
1985/11/7,24,54,515,7.9,11,225,18.5,0.58,0.4,160,0
1985/11/8,24,54,515,7.9,11,225,18.5,0.58,0.4,162,0
1985/11/9,24,54,515,7.9,11,225,18.5,0.58,0.4,158,0
1985/11/10,24,54,515,7.9,11,225,18.5,0.58,0.4,152,0
1985/11/11,24,54,515,7.9,11,225,18.5,0.58,0.4,154,0
1985/11/12,24,54,515,7.9,11,225,18.5,0.58,0.4,159,0
1985/11/13,22,75,525,7.8,8,241,18.3,0.84,0.35,160,0
1985/11/14,22,75,525,7.8,8,241,18.3,0.84,0.35,159,0
1985/11/15,22,75,525,7.8,8,241,18.3,0.84,0.35,164,0
1985/11/16,22,75,525,7.8,8,241,18.3,0.84,0.35,164,0
1985/11/17,22,75,525,7.8,8,241,18.3,0.84,0.35,166,0
1985/11/18,22,75,525,7.8,8,241,18.3,0.84,0.35,172,0
1985/11/19,22,75,525,7.8,8,241,18.3,0.84,0.35,163,0
1985/11/20,22,67,540,7.9,8,241,18.6,0.7,0.33,166,0
1985/11/21,22,67,540,7.9,8,241,18.6,0.7,0.33,156,0
1985/11/22,22,67,540,7.9,8,241,18.6,0.7,0.33,153,0
1985/11/23,22,67,540,7.9,8,241,18.6,0.7,0.33,146,0
1985/11/24,22,67,540,7.9,8,241,18.6,0.7,0.33,142,0
1985/11/25,22,67,540,7.9,8,241,18.6,0.7,0.33,146,0
1985/11/26,22,67,540,7.9,8,241,18.6,0.7,0.33,154,0
1985/11/27,24,62,550,7.9,8,241,19.2,0.76,0.33,152,0
1985/11/28,24,62,550,7.9,8,241,19.2,0.76,0.33,142,0
1985/11/29,24,62,550,7.9,8,241,19.2,0.76,0.33,137,0
1985/11/30,24,62,550,7.9,8,241,19.2,0.76,0.33,132,0
1985/12/1,24,62,550,7.9,8,241,19.2,0.76,0.33,129,0
1985/12/2,24,62,550,7.9,8,241,19.2,0.76,0.33,129,0
1985/12/3,24,62,550,7.9,8,241,19.2,0.76,0.33,129,0
1985/12/4,23.5,60,559,7.9,8,241,19.8,0.78,0.36,130,0
1985/12/5,23.5,60,559,7.9,8,241,19.8,0.78,0.36,136,0
1985/12/6,23.5,60,559,7.9,8,241,19.8,0.78,0.36,145,0
1985/12/7,23.5,60,559,7.9,8,241,19.8,0.78,0.36,154,0
1985/12/8,23.5,60,559,7.9,8,241,19.8,0.78,0.36,185,0
1985/12/9,23.5,60,559,7.9,8,241,19.8,0.78,0.36,234,0
1985/12/10,23.5,60,559,7.9,8,241,19.8,0.78,0.36,241,0
1985/12/11,22.5,65,560,7.9,8,241,20.1,0.68,0.53,232,0
1985/12/12,22.5,65,560,7.9,8,241,20.1,0.68,0.53,217,0
1985/12/13,22.5,65,560,7.9,8,241,20.1,0.68,0.53,203,0
1985/12/14,22.5,65,560,7.9,8,241,20.1,0.68,0.53,186,0
1985/12/15,22.5,65,560,7.9,8,241,20.1,0.68,0.53,177,0
1985/12/16,22.5,65,560,7.9,8,241,20.1,0.68,0.53,177,0
1985/12/17,22.5,65,560,7.9,8,241,20.1,0.68,0.53,177,0
1985/12/18,22,63,585,7.9,14,269,20.6,0.77,0.35,177,0
1985/12/19,22,63,585,7.9,14,269,20.6,0.77,0.35,174,0
1985/12/20,22,63,585,7.9,14,269,20.6,0.77,0.35,171,0
1985/12/21,22,63,585,7.9,14,269,20.6,0.77,0.35,171,0
1985/12/22,22,63,585,7.9,14,269,20.6,0.77,0.35,169,0
1985/12/23,22,63,585,7.9,14,269,20.6,0.77,0.35,164,0
1985/12/24,22,63,585,7.9,14,269,20.6,0.77,0.35,164,0
1985/12/25,22.5,67,600,7.9,14,269,20.1,1.05,0.35,159,0
1985/12/26,22.5,67,600,7.9,14,269,20.1,1.05,0.35,148,0
1985/12/27,22.5,67,600,7.9,14,269,20.1,1.05,0.35,141,0
1985/12/28,22.5,67,600,7.9,14,269,20.1,1.05,0.35,146,0
1985/12/29,22.5,67,600,7.9,14,269,20.1,1.05,0.35,154,0
1985/12/30,22.5,67,600,7.9,14,269,20.1,1.05,0.35,162,0
1986/1/1,25,51,655,8,14,269,19.6,0.85,0.35,175,28.6
1986/1/2,25,51,655,8,14,269,19.6,0.85,0.35,176,57.1
1986/1/3,25,51,655,8,14,269,19.6,0.85,0.35,176,85.7
1986/1/4,25,51,655,8,14,269,19.6,0.85,0.35,176,114.3
1986/1/5,25,51,655,8,14,269,19.6,0.85,0.35,176,142.9
1986/1/6,25,51,655,8,14,269,19.6,0.85,0.35,176,171.4
1986/1/7,25,51,655,8,14,269,19.6,0.85,0.35,176,200
1986/1/8,24.5,65,655,8,14,269,20,0.81,0.35,176,171.4
1986/1/9,24.5,65,655,8,14,269,20,0.81,0.35,169,142.9
1986/1/10,24.5,65,655,8,14,269,20,0.81,0.35,169,114.3
1986/1/11,24.5,65,655,8,14,269,20,0.81,0.35,170,85.7
1986/1/12,24.5,65,655,8,14,269,20,0.81,0.35,170,57.1
1986/1/13,24.5,65,655,8,14,269,20,0.81,0.35,176,28.6
1986/1/14,24.5,65,655,8,14,269,20,0.81,0.35,178,0
1986/1/15,24,70,670,8,14,258,19.1,1.05,0.35,184,0
1986/1/16,24,70,670,8,14,258,19.1,1.05,0.35,210,0
1986/1/17,24,70,670,8,14,258,19.1,1.05,0.35,381,0
1986/1/18,24,70,670,8,14,258,19.1,1.05,0.35,543,0
1986/1/19,24,70,670,8,14,258,19.1,1.05,0.35,599,0
1986/1/20,24,70,670,8,14,258,19.1,1.05,0.35,591,0
1986/1/21,24,70,670,8,14,258,19.1,1.05,0.35,540,0
1986/1/22,24.5,47,630,8.1,14,258,21.8,0.93,0.35,469,1936.8
1986/1/23,24.5,47,630,8.1,14,258,21.8,0.93,0.35,415,3866.4
1986/1/24,24.5,47,630,8.1,14,258,21.8,0.93,0.35,364,5803.2
1986/1/25,24.5,47,630,8.1,14,258,21.8,0.93,0.35,318,7732.8
1986/1/26,24.5,47,630,8.1,14,258,21.8,0.93,0.35,266,9669.6
1986/1/27,24.5,47,630,8.1,14,258,21.8,0.93,0.35,251,11599.2
1986/1/28,24.5,47,630,8.1,14,258,21.8,0.93,0.35,237,13536
1986/1/29,23.5,38,630,8.1,14,258,20.3,0.85,0.36,220,11282.4
1986/1/30,23.5,38,630,8.1,14,258,20.3,0.85,0.36,208,9021.6
1986/2/1,23.5,38,630,8.1,14,258,20.3,0.85,0.36,208,6768
1986/2/2,23.5,38,630,8.1,14,258,20.3,0.85,0.36,202,4514.4
1986/2/3,23.5,38,630,8.1,14,258,20.3,0.85,0.36,201,2253.6
1986/2/4,23.5,38,630,8.1,14,258,20.3,0.85,0.36,198,0
1986/2/5,26,36,625,8.2,14,258,18.2,0.71,0.36,194,0
1986/2/6,26,36,625,8.2,14,258,18.2,0.71,0.36,190,0
1986/2/7,26,36,625,8.2,14,258,18.2,0.71,0.36,176,0
1986/2/8,26,36,625,8.2,14,258,18.2,0.71,0.36,172,0
1986/2/9,26,36,625,8.2,14,258,18.2,0.71,0.36,177,0
1986/2/10,26,36,625,8.2,14,258,18.2,0.71,0.36,187,0
1986/2/11,26,36,625,8.2,14,258,18.2,0.71,0.36,188,0
1986/2/12,24,40,639,8.1,14,222,12.6,0.7,0.21,233,0
1986/2/13,24,40,639,8.1,14,222,12.6,0.7,0.21,418,0
1986/2/14,24,40,639,8.1,14,222,12.6,0.7,0.21,568,0
1986/2/15,24,40,639,8.1,14,222,12.6,0.7,0.21,588,0
1986/2/16,24,40,639,8.1,14,222,12.6,0.7,0.21,547,0
1986/2/17,24,40,639,8.1,14,222,12.6,0.7,0.21,476,0
1986/2/18,24,40,639,8.1,14,222,12.6,0.7,0.21,391,0
1986/2/19,24,37,625,8.2,14,222,11.3,0.76,0.02,336,0
1986/2/20,24,37,625,8.2,14,222,11.3,0.76,0.02,284,0
1986/2/21,24,37,625,8.2,14,222,11.3,0.76,0.02,237,0
1986/2/22,24,37,625,8.2,14,222,11.3,0.76,0.02,222,0
1986/2/23,24,37,625,8.2,14,222,11.3,0.76,0.02,219,0
1986/2/24,24,37,625,8.2,14,222,11.3,0.76,0.02,266,0
1986/2/25,24,37,625,8.2,14,222,11.3,0.76,0.02,434,0
1986/2/26,24,65,600,8.1,14,222,13.9,0.65,0.23,624,0
1986/2/27,24,65,600,8.1,14,222,13.9,0.65,0.23,739,0
1986/2/28,24,65,600,8.1,14,222,13.9,0.65,0.23,803,0
1986/02/00,24,65,600,8.1,14,222,13.9,0.65,0.23,847,0
1986/02/00,24,65,600,8.1,14,222,13.9,0.65,0.23,847,0
1986/3/1,24,65,600,8.1,14,222,13.9,0.65,0.23,847,0
1986/3/2,24,65,600,8.1,14,222,13.9,0.65,0.23,875,0
1986/3/3,24,65,600,8.1,14,222,13.9,0.65,0.23,905,0
1986/3/4,24,65,600,8.1,14,222,13.9,0.65,0.23,921,0
1986/3/5,21,78,570,8.2,14,222,13.2,0.77,0.17,921,628.6
1986/3/6,21,78,570,8.2,14,222,13.2,0.77,0.17,915,1257.1
1986/3/7,21,78,570,8.2,14,222,13.2,0.77,0.17,913,1885.7
1986/3/8,21,78,570,8.2,14,222,13.2,0.77,0.17,914,2514.3
1986/3/9,21,78,570,8.2,14,222,13.2,0.77,0.17,907,3142.9
1986/3/10,21,78,570,8.2,14,222,13.2,0.77,0.17,906,3771.4
1986/3/11,21,78,570,8.2,14,222,13.2,0.77,0.17,901,4400
1986/3/12,22.5,76,560,8,7,200,12.5,1.07,0.17,897,4000
1986/3/13,22.5,76,560,8,7,200,12.5,1.07,0.17,898,3600
1986/3/14,22.5,76,560,8,7,200,12.5,1.07,0.17,898,3200
1986/3/15,22.5,76,560,8,7,200,12.5,1.07,0.17,902,2800
1986/3/16,22.5,76,560,8,7,200,12.5,1.07,0.17,907,2400
1986/3/17,22.5,76,560,8,7,200,12.5,1.07,0.17,915,2000
1986/3/18,22.5,76,560,8,7,200,12.5,1.07,0.17,915,1600
1986/3/19,23,75,550,8,7,200,14.4,1.04,0.16,915,1371.4
1986/3/20,23,75,550,8,7,200,14.4,1.04,0.16,915,1142.9
1986/3/21,23,75,550,8,7,200,14.4,1.04,0.16,915,914.3
1986/3/22,23,75,550,8,7,200,14.4,1.04,0.16,915,685.7
1986/3/23,23,75,550,8,7,200,14.4,1.04,0.16,915,457.1
1986/3/24,23,75,550,8,7,200,14.4,1.04,0.16,916,228.6
1986/3/25,23,75,550,8,7,200,14.4,1.04,0.16,918,0
1986/3/26,23,77,555,8,7,200,12.9,0.95,0.26,924,0
1986/3/27,23,77,555,8,7,200,12.9,0.95,0.26,924,0
1986/3/28,23,77,555,8,7,200,12.9,0.95,0.26,924,0
1986/3/29,23,77,555,8,7,200,12.9,0.95,0.26,924,0
1986/3/30,23,77,555,8,7,200,12.9,0.95,0.26,924,0
1986/4/1,23,77,555,8,7,200,12.9,0.95,0.26,945,0
1986/4/2,23,77,555,8,7,200,12.9,0.95,0.26,993,0
1986/4/3,22,80,560,7.8,7,200,13,1.07,0.26,1085,0
1986/4/4,22,80,560,7.8,7,200,13,1.07,0.26,1202,0
1986/4/5,22,80,560,7.8,7,200,13,1.07,0.26,1305,0
1986/4/6,22,80,560,7.8,7,200,13,1.07,0.26,1406,0
1986/4/7,22,80,560,7.8,7,200,13,1.07,0.26,1508,0
1986/4/8,21,64,590,8.1,6,252,18.1,1,0.26,1587,0
1986/4/9,21,64,590,8.1,6,252,18.1,1,0.26,1635,0
1986/4/10,21,64,590,8.1,6,252,18.1,1,0.26,1663,0
1986/4/11,21,64,590,8.1,6,252,18.1,1,0.26,1690,0
1986/4/12,21,64,590,8.1,6,252,18.1,1,0.26,1702,0
1986/4/13,21,64,590,8.1,6,252,18.1,1,0.26,1691,0
1986/4/14,21,64,590,8.1,6,252,18.1,1,0.26,1677,0
1986/4/15,21,64,590,8.1,6,252,18.1,1,0.26,1652,0
1986/4/16,18,55,621,8.1,6,252,23.4,1.015,0.26,1627,0
1986/4/17,18,55,621,8.1,6,252,23.4,1.015,0.26,1601,0
1986/4/18,18,55,621,8.1,6,252,23.4,1.015,0.26,1576,0
1986/4/19,18,55,621,8.1,6,252,23.4,1.015,0.26,1552,0
1986/4/20,18,55,621,8.1,6,252,23.4,1.015,0.26,1548,0
1986/4/21,18,55,621,8.1,6,252,23.4,1.015,0.26,1554,0
1986/4/22,18,55,621,8.1,6,252,23.4,1.015,0.26,1554,0
1986/4/23,16,43,645,8.3,6,252,16.7,0.85,0.26,1549,0
1986/4/24,16,43,645,8.3,6,252,16.7,0.85,0.26,1548,0
1986/4/25,16,43,645,8.3,6,252,16.7,0.85,0.26,1547,0
1986/4/26,16,43,645,8.3,6,252,16.7,0.85,0.26,1541,0
1986/4/27,16,43,645,8.3,6,252,16.7,0.85,0.26,1535,0
1986/4/28,16,43,645,8.3,6,252,16.7,0.85,0.26,1514,0
1986/4/29,16,43,645,8.3,6,252,16.7,0.85,0.26,1469,0
1986/4/30,15,57,649,8.3,6,252,16.5,0.83,0.26,1391,0
1986/5/1,15,57,649,8.3,6,252,16.5,0.83,0.26,1289,0
1986/5/2,15,57,649,8.3,6,252,16.5,0.83,0.26,1164,0
1986/5/3,15,57,649,8.3,6,252,16.5,0.83,0.26,1020,0
1986/5/4,15,57,649,8.3,6,252,16.5,0.83,0.26,905,0
1986/5/5,15,57,649,8.3,6,252,16.5,0.83,0.26,801,0
1986/5/6,15,57,649,8.3,6,252,16.5,0.83,0.26,727,0
1986/5/7,15,40,658,8.2,9,261,15.7,0.73,0.29,639,0
1986/5/8,15,40,658,8.2,9,261,15.7,0.73,0.29,549,0
1986/5/9,15,40,658,8.2,9,261,15.7,0.73,0.29,470,0
1986/5/10,15,40,658,8.2,9,261,15.7,0.73,0.29,420,0
1986/5/11,15,40,658,8.2,9,261,15.7,0.73,0.29,380,0
1986/5/12,15,40,658,8.2,9,261,15.7,0.73,0.29,335,0
1986/5/13,15,40,658,8.2,9,261,15.7,0.73,0.29,282,0
1986/5/14,15,41,658,8.2,9,261,17.4,0.7,0.31,250,19008
1986/5/15,15,41,658,8.2,9,261,17.4,0.7,0.31,231,38016
1986/5/16,15,41,658,8.2,9,261,17.4,0.7,0.31,204,57024
1986/5/17,15,41,658,8.2,9,261,17.4,0.7,0.31,184,76032
1986/5/18,15,41,658,8.2,9,261,17.4,0.7,0.31,174,95040
1986/5/19,15,41,658,8.2,9,261,17.4,0.7,0.31,162,114048
1986/5/20,15,41,658,8.2,9,261,17.4,0.7,0.31,159,133056
1986/5/21,13,37,655,8.1,9,261,22.7,0.71,0.28,161,134285.2
1986/5/22,13,37,655,8.1,9,261,22.7,0.71,0.28,172,135500.2
1986/5/23,13,37,655,8.1,9,261,22.7,0.71,0.28,181,136729.4
1986/5/24,13,37,655,8.1,9,261,22.7,0.71,0.28,176,137958.6
1986/5/25,13,37,655,8.1,9,261,22.7,0.71,0.28,178,139187.8
1986/5/26,13,37,655,8.1,9,261,22.7,0.71,0.28,184,140402.8
1986/5/27,13,37,655,8.1,9,261,22.7,0.71,0.28,182,141632
1986/5/28,12,32,665,8.2,9,261,19.4,0.96,0.26,179,133004.8
1986/5/29,12,32,665,8.2,9,261,19.4,0.96,0.26,179,124377.6
1986/5/30,12,32,665,8.2,9,261,19.4,0.96,0.26,180,115750.4
1986/6/1,12,32,665,8.2,9,261,19.4,0.96,0.26,182,107123.2
1986/6/2,12,32,665,8.2,9,261,19.4,0.96,0.26,183,98496
1986/6/3,12.5,30,665,8.2,7,252,15.2,0.97,0.01,184,96408
1986/6/4,12.5,30,665,8.2,7,252,15.2,0.97,0.01,182,94320
1986/6/5,12.5,30,665,8.2,7,252,15.2,0.97,0.01,179,92232
1986/6/6,12.5,30,665,8.2,7,252,15.2,0.97,0.01,180,90144
1986/6/7,12.5,30,665,8.2,7,252,15.2,0.97,0.01,174,88056
1986/6/8,12.5,30,665,8.2,7,252,15.2,0.97,0.01,173,85968
1986/6/9,12.5,30,665,8.2,7,252,15.2,0.97,0.01,169,83880
1986/6/10,12.5,30,665,8.2,7,252,15.2,0.97,0.01,164,81792
1986/6/11,11,32,665,8.2,7,252,20.6,0.83,0.25,171,77104.8
1986/6/12,11,32,665,8.2,7,252,20.6,0.83,0.25,171,72410.4
1986/6/13,11,32,665,8.2,7,252,20.6,0.83,0.25,164,67723.2
1986/6/14,11,32,665,8.2,7,252,20.6,0.83,0.25,159,63028.8
1986/6/15,11,32,665,8.2,7,252,20.6,0.83,0.25,153,58341.6
1986/6/16,11,32,665,8.2,7,252,20.6,0.83,0.25,154,53647.2
1986/6/17,11,32,665,8.2,7,252,20.6,0.83,0.25,155,48960
1986/6/18,10,32,665,8.2,7,252,21.4,0.63,0.24,156,57268.8
1986/6/19,10,32,665,8.2,7,252,21.4,0.63,0.24,154,65584.8
1986/6/20,10,32,665,8.2,7,252,21.4,0.63,0.24,151,73893.6
1986/6/21,10,32,665,8.2,7,252,21.4,0.63,0.24,152,82202.4
1986/6/22,10,32,665,8.2,7,252,21.4,0.63,0.24,148,90511.2
1986/6/23,10,32,665,8.2,7,252,21.4,0.63,0.24,154,98827.2
1986/6/24,10,32,665,8.2,7,252,21.4,0.63,0.24,156,107136
1986/6/25,10,32,650,8.2,7,252,15.3,0.83,0.21,163,105984
1986/6/26,10,32,650,8.2,7,252,15.3,0.83,0.21,164,104832
1986/6/27,10,32,650,8.2,7,252,15.3,0.83,0.21,153,103680
1986/6/28,10,32,650,8.2,7,252,15.3,0.83,0.21,146,102528
1986/6/29,10,32,650,8.2,7,252,15.3,0.83,0.21,140,101376
1986/6/30,10,32,650,8.2,7,252,15.3,0.83,0.21,132,100224
1986/7/1,10,32,650,8.2,7,252,15.3,0.83,0.21,152,99072
1986/7/2,11,32,635,8.2,11,236,13.7,0.82,0.17,157,91965.6
1986/7/3,11,32,635,8.2,11,236,13.7,0.82,0.17,157,84866.4
1986/7/4,11,32,635,8.2,11,236,13.7,0.82,0.17,158,77760
1986/7/5,11,32,635,8.2,11,236,13.7,0.82,0.17,159,70653.6
1986/7/6,11,32,635,8.2,11,236,13.7,0.82,0.17,160,63554.4
1986/7/7,11,32,635,8.2,11,236,13.7,0.82,0.17,161,56448
1986/7/8,9,26,635,8.2,11,236,11.6,0.79,0.13,158,52560
1986/7/9,9,26,635,8.2,11,236,11.6,0.79,0.13,158,48672
1986/7/10,9,26,635,8.2,11,236,11.6,0.79,0.13,164,44784
1986/7/11,9,26,635,8.2,11,236,11.6,0.79,0.13,164,40896
1986/7/12,9,26,635,8.2,11,236,11.6,0.79,0.13,170,37008
1986/7/13,9,26,635,8.2,11,236,11.6,0.79,0.13,170,33120
1986/7/14,9,26,635,8.2,11,236,11.6,0.79,0.13,165,29232
1986/7/15,9,26,635,8.2,11,236,11.6,0.79,0.13,162,25344
1986/7/16,11,26,630,8.2,11,236,11.3,0.83,0.13,161,24847.2
1986/7/17,11,26,630,8.2,11,236,11.3,0.83,0.13,149,24357.6
1986/7/18,11,26,630,8.2,11,236,11.3,0.83,0.13,150,23860.8
1986/7/19,11,26,630,8.2,11,236,11.3,0.83,0.13,149,23371.2
1986/7/20,11,26,630,8.2,11,236,11.3,0.83,0.13,147,22874.4
1986/7/21,11,26,630,8.2,11,236,11.3,0.83,0.13,142,22384.8
1986/7/22,11,26,630,8.2,11,236,11.3,0.83,0.13,145,21888
1986/7/23,10,27,640,8.2,11,236,11.5,0.47,0.01,148,22384.8
1986/7/24,10,27,640,8.2,11,236,11.5,0.47,0.01,147,22874.4
1986/7/25,10,27,640,8.2,11,236,11.5,0.47,0.01,143,23371.2
1986/7/26,10,27,640,8.2,11,236,11.5,0.47,0.01,140,23860.8
1986/7/27,10,27,640,8.2,11,236,11.5,0.47,0.01,139,24357.6
1986/7/28,10,27,640,8.2,11,236,11.5,0.47,0.01,139,24847.2
1986/7/29,10,27,640,8.2,11,236,11.5,0.47,0.01,139,25344
1986/7/30,10,26,670,8.2,6,297,12.3,0.95,0.21,145,21117.6
1986/8/1,10,26,670,8.2,6,297,12.3,0.95,0.21,144,16898.4
1986/8/2,10,26,670,8.2,6,297,12.3,0.95,0.21,142,12672
1986/8/3,10,26,670,8.2,6,297,12.3,0.95,0.21,137,8445.6
1986/8/4,10,26,670,8.2,6,297,12.3,0.95,0.21,136,4226.4
1986/8/5,10,26,670,8.2,6,297,12.3,0.95,0.21,136,0
1986/8/6,11,28,720,8.2,6,297,11.8,0.64,0.19,141,0
1986/8/7,11,28,720,8.2,6,297,11.8,0.64,0.19,135,0
1986/8/8,11,28,720,8.2,6,297,11.8,0.64,0.19,135,0
1986/8/9,11,28,720,8.2,6,297,11.8,0.64,0.19,129,0
1986/8/10,11,28,720,8.2,6,297,11.8,0.64,0.19,124,0
1986/8/11,11,28,720,8.2,6,297,11.8,0.64,0.19,124,0
1986/8/12,11,28,720,8.2,6,297,11.8,0.64,0.19,125,0
1986/8/13,11,24,660,8.2,6,297,11.2,0.8,0.18,121,0
1986/8/14,11,24,660,8.2,6,297,11.2,0.8,0.18,123,0
1986/8/15,11,24,660,8.2,6,297,11.2,0.8,0.18,124,0
1986/8/16,11,24,660,8.2,6,297,11.2,0.8,0.18,122,0
1986/8/17,11,24,660,8.2,6,297,11.2,0.8,0.18,117,0
1986/8/18,11,24,660,8.2,6,297,11.2,0.8,0.18,117,0
1986/8/19,11,24,660,8.2,6,297,11.2,0.8,0.18,116,0
1986/8/20,14.2,36,654,8.2,6,297,11.7,1.01,0.18,116,0
1986/8/21,14.2,36,654,8.2,6,297,11.7,1.01,0.18,119,0
1986/8/22,14.2,36,654,8.2,6,297,11.7,1.01,0.18,121,0
1986/8/23,14.2,36,654,8.2,6,297,11.7,1.01,0.18,120,0
1986/8/24,14.2,36,654,8.2,6,297,11.7,1.01,0.18,122,0
1986/8/25,14.2,36,654,8.2,6,297,11.7,1.01,0.18,126,0
1986/8/26,14.2,36,654,8.2,6,297,11.7,1.01,0.18,125,0
1986/8/27,14.2,36,654,8.2,6,297,11.7,1.01,0.18,125,0
1986/8/28,14.2,36,654,8.2,6,297,11.7,1.01,0.18,122,0
1986/8/29,14.2,36,654,8.2,6,297,11.7,1.01,0.18,119,0
1986/8/30,14.2,36,654,8.2,6,297,11.7,1.01,0.18,116,0
1986/9/1,14.2,36,654,8.2,6,297,11.7,1.01,0.18,114,0
1986/9/2,14.2,36,654,8.2,6,297,11.7,1.01,0.18,119,0
1986/9/3,22,41,720,8.4,6,297,9.5,0.96,0.14,119,411.8
1986/9/4,22,41,720,8.4,6,297,9.5,0.96,0.14,119,809.4
1986/9/5,22,41,720,8.4,6,297,9.5,0.96,0.14,118,1221.2
1986/9/6,22,41,720,8.4,6,297,9.5,0.96,0.14,114,1618.8
1986/9/7,22,41,720,8.4,6,297,9.5,0.96,0.14,118,2030.6
1986/9/8,22,41,720,8.4,6,297,9.5,0.96,0.14,115,2428.2
1986/9/9,22,41,720,8.4,6,297,9.5,0.96,0.14,115,2840
1986/9/10,22,41,720,8.4,6,297,9.5,0.96,0.14,109,20689.4
1986/9/11,22,41,720,8.4,6,297,9.5,0.96,0.14,109,38538.8
1986/9/12,22,41,720,8.4,6,297,9.5,0.96,0.14,111,56388.2
1986/9/13,22,41,720,8.4,6,297,9.5,0.96,0.14,116,74251.8
1986/9/14,22,41,720,8.4,6,297,9.5,0.96,0.14,116,92101.2
1986/9/15,22,41,720,8.4,6,297,9.5,0.96,0.14,116,109950.6
1986/9/16,22,41,720,8.4,6,297,9.5,0.96,0.14,116,127800
1986/9/17,22,41,720,8.4,6,297,9.5,0.96,0.14,118,109538.8
1986/9/18,22,41,720,8.4,6,297,9.5,0.96,0.14,124,91291.8
1986/9/19,22,41,720,8.4,6,297,9.5,0.96,0.14,123,73030.6
1986/9/20,22,41,720,8.4,6,297,9.5,0.96,0.14,121,54769.4
1986/9/21,22,41,720,8.4,6,297,9.5,0.96,0.14,110,36508.2
1986/9/22,22,41,720,8.4,6,297,9.5,0.96,0.14,115,18261.2
1986/9/23,22,41,720,8.4,6,297,9.5,0.96,0.14,115,0
1986/9/24,22,41,720,8.4,6,297,9.5,0.96,0.14,108,6972.2
1986/9/25,22,41,720,8.4,6,297,9.5,0.96,0.14,108,13958.6
1986/9/26,22,41,720,8.4,6,297,9.5,0.96,0.14,107,20930.8
1986/9/27,22,41,720,8.4,6,297,9.5,0.96,0.14,103,27917.2
1986/9/28,22,41,720,8.4,6,297,9.5,0.96,0.14,100,34889.4
1986/9/29,22,41,720,8.4,6,297,9.5,0.96,0.14,101,41875.8
1986/9/30,22,41,720,8.4,6,297,9.5,0.96,0.14,100,48848
1986/10/1,22,41,720,8.4,6,297,9.5,0.96,0.14,97,68162.8
1986/10/2,22,41,720,8.4,6,297,9.5,0.96,0.14,100,87491.8
1986/10/3,22,41,720,8.4,6,297,9.5,0.96,0.14,107,106806.6
1986/10/4,22,41,720,8.4,6,297,9.5,0.96,0.14,107,126121.4
1986/10/5,22,41,720,8.4,6,297,9.5,0.96,0.14,102,145436.2
1986/10/6,22,41,720,8.4,6,297,9.5,0.96,0.14,101,164765.2
1986/10/7,22,41,720,8.4,6,297,9.5,0.96,0.14,100,184080
1986/10/8,22,41,720,8.4,6,297,9.5,0.96,0.14,102,201228.4
1986/10/9,22,41,720,8.4,6,297,9.5,0.96,0.14,99,218369.8
1986/10/10,22,41,720,8.4,6,297,9.5,0.96,0.14,98,235518.2
1986/10/11,22,41,720,8.4,6,297,9.5,0.96,0.14,102,252673.8
1986/10/12,22,41,720,8.4,6,297,9.5,0.96,0.14,102,269822.2
1986/10/13,22,41,720,8.4,6,297,9.5,0.96,0.14,104,286963.6
1986/10/14,22,41,720,8.4,6,297,9.5,0.96,0.14,105,304112
1986/10/15,22,41,720,8.4,6,297,9.5,0.96,0.14,107,324555.4
1986/10/16,22,41,720,8.4,6,297,9.5,0.96,0.14,107,344998.8
1986/10/17,22,41,720,8.4,6,297,9.5,0.96,0.14,103,365442.2
1986/10/18,22,41,720,8.4,6,297,9.5,0.96,0.14,101,385885.8
1986/10/19,22,41,720,8.4,6,297,9.5,0.96,0.14,103,406329.2
1986/10/20,22,41,720,8.4,6,297,9.5,0.96,0.14,101,426772.6
1986/10/21,22,41,720,8.4,6,297,9.5,0.96,0.14,101,447216
1986/10/22,22,41,720,8.4,6,297,9.5,0.96,0.14,109,432178
1986/10/23,22,41,720,8.4,6,297,9.5,0.96,0.14,115,417133
1986/10/24,22,41,720,8.4,6,297,9.5,0.96,0.14,108,402095
1986/10/25,22,41,720,8.4,6,297,9.5,0.96,0.14,111,387057
1986/10/26,22,41,720,8.4,6,297,9.5,0.96,0.14,114,372019
1986/10/27,22,41,720,8.4,6,297,9.5,0.96,0.14,115,356974
1986/10/28,22,41,720,8.4,6,297,9.5,0.96,0.14,119,341936
1986/10/29,22,41,720,8.4,6,297,9.5,0.96,0.14,109,303127.4
1986/10/30,22,41,720,8.4,6,297,9.5,0.96,0.14,102,264304.6
1986/11/1,22,41,720,8.4,6,297,9.5,0.96,0.14,101,225496
1986/11/2,22,41,720,8.4,6,297,9.5,0.96,0.14,89,186687.4
1986/11/3,22,41,720,8.4,6,297,9.5,0.96,0.14,89,147864.6
1986/11/4,22,41,720,8.4,6,297,9.5,0.96,0.14,86,109056
1986/11/5,22,41,720,8.4,6,297,9.5,0.96,0.14,87,107266.8
1986/11/6,22,41,720,8.4,6,297,9.5,0.96,0.14,88,105491.8
1986/11/7,22,41,720,8.4,6,297,9.5,0.96,0.14,86,103702.6
1986/11/8,22,41,720,8.4,6,297,9.5,0.96,0.14,80,101913.4
1986/11/9,22,41,720,8.4,6,297,9.5,0.96,0.14,80,100124.2
1986/11/10,22,41,720,8.4,6,297,9.5,0.96,0.14,80,98349.2
1986/11/11,22,41,720,8.4,6,297,9.5,0.96,0.14,76,96560
1986/11/12,22,41,720,8.4,6,297,9.5,0.96,0.14,72,94770.8
1986/11/13,22,41,720,8.4,6,297,9.5,0.96,0.14,70,92995.8
1986/11/14,22,41,720,8.4,6,297,9.5,0.96,0.14,68,91206.6
1986/11/15,22,41,720,8.4,6,297,9.5,0.96,0.14,65,89417.4
1986/11/16,22,41,720,8.4,6,297,9.5,0.96,0.14,66,87628.2
1986/11/17,22,41,720,8.4,6,297,9.5,0.96,0.14,104,85853.2
1986/11/18,22,41,720,8.4,6,297,9.5,0.96,0.14,373,84064
1986/11/19,23,31,770,8.2,6,283,10,0.9,0.14,571,76112
1986/11/20,23,31,770,8.2,6,283,10,0.9,0.14,617,68160
1986/11/21,23,31,770,8.2,6,283,10,0.9,0.14,571,60208
1986/11/22,23,31,770,8.2,6,283,10,0.9,0.14,491,52256
1986/11/23,23,31,770,8.2,6,283,10,0.9,0.14,398,44304
1986/11/24,23,31,770,8.2,6,283,10,0.9,0.14,330,36352
1986/11/25,24,45,720,8.4,5,294,11.4,0.95,0.13,285,64894
1986/11/26,24,45,720,8.4,5,294,11.4,0.95,0.13,239,93436
1986/11/27,24,45,720,8.4,5,294,11.4,0.95,0.13,199,121978
1986/11/28,24,45,720,8.4,5,294,11.4,0.95,0.13,168,150520
1986/11/29,24,45,720,8.4,5,294,11.4,0.95,0.13,155,179062
1986/11/30,24,45,720,8.4,5,294,11.4,0.95,0.13,149,207604
1986/12/1,24,45,720,8.4,5,294,11.4,0.95,0.13,135,236146
1986/12/2,24,45,720,8.4,5,294,11.4,0.95,0.13,129,264688
1986/12/3,22,34,720,8.3,13,294,10,0.93,0.11,126,236288
1986/12/4,22,34,720,8.3,13,294,10,0.93,0.11,123,207888
1986/12/5,22,34,720,8.3,13,294,10,0.93,0.11,128,179488
1986/12/6,22,34,720,8.3,13,294,10,0.93,0.11,135,151088
1986/12/7,22,34,720,8.3,13,294,10,0.93,0.11,176,122688
1986/12/8,22,34,720,8.3,13,294,10,0.93,0.11,181,94288
1986/12/9,22,34,720,8.3,13,294,10,0.93,0.11,181,65888
1986/12/10,22,34,760,8.3,6,294,10.7,0.91,0.23,179,57779.8
1986/12/11,22,34,760,8.3,6,294,10.7,0.91,0.23,187,49657.4
1986/12/12,22,34,760,8.3,6,294,10.7,0.91,0.23,192,41549.2
1986/12/13,22,34,760,8.3,6,294,10.7,0.91,0.23,194,33426.8
1986/12/14,22,34,760,8.3,6,294,10.7,0.91,0.23,191,25318.6
1986/12/15,22,34,760,8.3,6,294,10.7,0.91,0.23,200,17196.2
1986/12/16,22,34,760,8.3,6,294,10.7,0.91,0.23,200,9088
1986/12/17,23.5,27,580,8.2,19,234,12.2,0.84,0.19,195,13958.6
1986/12/18,23.5,27,580,8.2,19,234,12.2,0.84,0.19,178,18829.2
1986/12/19,23.5,27,580,8.2,19,234,12.2,0.84,0.19,169,23699.8
1986/12/20,23.5,27,580,8.2,19,234,12.2,0.84,0.19,159,28556.2
1986/12/21,23.5,27,580,8.2,19,234,12.2,0.84,0.19,152,33426.8
1986/12/22,23.5,27,580,8.2,19,234,12.2,0.84,0.19,144,38297.4
1986/12/23,23.5,27,580,8.2,19,234,12.2,0.84,0.19,137,43168
1986/12/24,24,32,580,8.5,19,234,7.2,0.95,0.1,125,43217.4
1986/12/25,24,32,580,8.5,19,234,7.2,0.95,0.1,116,43259.8
1986/12/26,24,32,580,8.5,19,234,7.2,0.95,0.1,107,43309.2
1986/12/27,24,32,580,8.5,19,234,7.2,0.95,0.1,107,43358.8
1986/12/28,24,32,580,8.5,19,234,7.2,0.95,0.1,106,43408.2
1986/12/29,24,32,580,8.5,19,234,7.2,0.95,0.1,110,43450.6
1986/12/30,24,32,580,8.5,19,234,7.2,0.95,0.1,110,43500
1987/1/1,24,32,580,8.5,19,234,5.4,3.36,0.12,119,56130
1987/1/2,24,32,580,8.5,19,234,5.4,3.36,0.12,113,68760
1987/1/3,24,32,580,8.5,19,234,5.4,3.36,0.12,117,81390
1987/1/4,24,32,580,8.5,19,234,5.4,3.36,0.12,124,94020
1987/1/5,24,32,580,8.5,19,234,5.4,3.36,0.12,124,106650
1987/1/6,24,32,580,8.5,19,234,5.4,3.36,0.12,124,119280
1987/1/7,24,32,580,8.5,19,234,5.4,3.36,0.12,115,258440
1987/1/8,24,32,580,8.5,19,234,5.4,3.36,0.12,112,397600
1987/1/9,24,32,580,8.5,19,234,5.4,3.36,0.12,110,536760
1987/1/10,24,32,580,8.5,19,234,5.4,3.36,0.12,111,675920
1987/1/11,24,32,580,8.5,19,234,5.4,3.36,0.12,116,815080
1987/1/12,24,32,580,8.5,19,234,5.4,3.36,0.12,120,954240
1987/1/13,24,32,580,8.5,19,234,5.4,3.36,0.12,120,1093400
1987/1/14,25,58,580,8.2,10,188,11.2,1.29,0.11,120,937200
1987/1/15,25,58,580,8.2,10,188,11.2,1.29,0.11,116,781000
1987/1/16,25,58,580,8.2,10,188,11.2,1.29,0.11,116,624800
1987/1/17,25,58,580,8.2,10,188,11.2,1.29,0.11,116,468600
1987/1/18,25,58,580,8.2,10,188,11.2,1.29,0.11,150,312400
1987/1/19,25,58,580,8.2,10,188,11.2,1.29,0.11,460,156200
1987/1/20,25,58,580,8.2,10,188,11.2,1.29,0.11,850,0
1987/1/21,24,60,712,8.4,10,188,15.2,1.06,0.23,1020,1491
1987/1/22,24,60,712,8.4,10,188,15.2,1.06,0.23,1064,2982
1987/1/23,24,60,712,8.4,10,188,15.2,1.06,0.23,1031,4473
1987/1/24,24,60,712,8.4,10,188,15.2,1.06,0.23,935,5964
1987/1/25,24,60,712,8.4,10,188,15.2,1.06,0.23,817,7455
1987/1/26,24,60,712,8.4,10,188,15.2,1.06,0.23,718,8946
1987/1/27,24,60,712,8.4,10,188,15.2,1.06,0.23,583,10437
1987/1/28,24,60,712,8.4,10,188,15.2,1.06,0.23,467,11928
1987/1/29,25,60,590,8.2,10,188,13.2,0.9,0.18,391,11846.4
1987/1/30,25,60,590,8.2,10,188,13.2,0.9,0.18,315,11764.8
1987/2/1,25,60,590,8.2,10,188,13.2,0.9,0.18,234,11683.2
1987/2/2,25,60,590,8.2,10,188,13.2,0.9,0.18,214,11601.6
1987/2/3,25,60,590,8.2,10,188,13.2,0.9,0.18,205,11520
1987/2/4,27,68,518,8.2,10,188,15.7,1.01,0.16,202,11540.6
1987/2/5,27,68,518,8.2,10,188,15.7,1.01,0.16,196,11561.2
1987/2/6,27,68,518,8.2,10,188,15.7,1.01,0.16,192,11581.8
1987/2/7,27,68,518,8.2,10,188,15.7,1.01,0.16,188,11602.2
1987/2/8,27,68,518,8.2,10,188,15.7,1.01,0.16,193,11622.8
1987/2/9,27,68,518,8.2,10,188,15.7,1.01,0.16,195,11643.4
1987/2/10,27,68,518,8.2,10,188,15.7,1.01,0.16,193,11664
1987/2/11,27,64,500,8.2,9,192.5,8.7,0.67,0.11,183,372247.4
1987/2/12,27,64,500,8.2,9,192.5,8.7,0.67,0.11,180,732816.6
1987/2/13,27,64,500,8.2,9,192.5,8.7,0.67,0.11,177,1093400
1987/2/14,27,64,500,8.2,9,192.5,8.7,0.67,0.11,170,820050
1987/2/15,27,64,500,8.2,9,192.5,8.7,0.67,0.11,173,546700
1987/2/16,27,64,500,8.2,9,192.5,8.7,0.67,0.11,173,273350
1987/2/17,27,64,500,8.2,9,192.5,8.7,0.67,0.11,181,0
1987/2/18,24,53,485,8.2,9,192.5,9.1,0.81,0.11,176,0
1987/2/19,24,53,485,8.2,9,192.5,9.1,0.81,0.11,172,0
1987/2/20,24,53,485,8.2,9,192.5,9.1,0.81,0.11,172,0
1987/2/21,24,53,485,8.2,9,192.5,9.1,0.81,0.11,166,0
1987/2/22,24,53,485,8.2,9,192.5,9.1,0.81,0.11,165,0
1987/2/23,24,53,485,8.2,9,192.5,9.1,0.81,0.11,164,0
1987/2/24,24,53,485,8.2,9,192.5,9.1,0.81,0.11,164,0
1987/2/25,22,51,485,8,9,192.5,10.4,0.81,0.16,168,0
1987/2/26,22,51,485,8,9,192.5,10.4,0.81,0.16,178,0
1987/2/27,22,51,485,8,9,192.5,10.4,0.81,0.16,170,0
1987/2/28,22,51,485,8,9,192.5,10.4,0.81,0.16,162,0
1987/02/00,22,51,485,8,9,192.5,10.4,0.81,0.16,174,0
1987/02/00,22,51,485,8,9,192.5,10.4,0.81,0.16,174,0
1987/3/1,22,51,485,8,9,192.5,10.4,0.81,0.16,174,0
1987/3/2,22,51,485,8,9,192.5,10.4,0.81,0.16,179,0
1987/3/3,22,51,485,8,9,192.5,10.4,0.81,0.16,189,0
1987/3/4,21,33,750,8.2,9,257,13.9,1.06,0.1,189,0
1987/3/5,21,33,750,8.2,9,257,13.9,1.06,0.1,234,0
1987/3/6,21,33,750,8.2,9,257,13.9,1.06,0.1,399,0
1987/3/7,21,33,750,8.2,9,257,13.9,1.06,0.1,591,0
1987/3/8,21,33,750,8.2,9,257,13.9,1.06,0.1,671,0
1987/3/9,21,33,750,8.2,9,257,13.9,1.06,0.1,675,0
1987/3/10,21,33,750,8.2,9,257,13.9,1.06,0.1,618,0
1987/3/11,21,20,800,8.4,3,281,11.2,0.84,0.177,544,0
1987/3/12,21,20,800,8.4,3,281,11.2,0.84,0.177,461,0
1987/3/13,21,20,800,8.4,3,281,11.2,0.84,0.177,390,0
1987/3/14,21,20,800,8.4,3,281,11.2,0.84,0.177,328,0
1987/3/15,21,20,800,8.4,3,281,11.2,0.84,0.177,286,0
1987/3/16,21,20,800,8.4,3,281,11.2,0.84,0.177,245,0
1987/3/17,21,20,800,8.4,3,281,11.2,0.84,0.177,230,0
1987/3/18,21,20,800,8.4,3,281,11.2,0.84,0.177,203,0
1987/3/19,21,20,800,8.4,3,281,11.2,0.84,0.177,193,0
1987/3/20,21,20,800,8.4,3,281,11.2,0.84,0.177,182,0
1987/3/21,21,20,800,8.4,3,281,11.2,0.84,0.177,173,0
1987/3/22,21,20,800,8.4,3,281,11.2,0.84,0.177,172,0
1987/3/23,21,20,800,8.4,3,281,11.2,0.84,0.177,173,0
1987/3/24,21,20,800,8.4,3,281,11.2,0.84,0.177,173,0
1987/3/25,21,20,800,8.4,3,281,11.2,0.84,0.177,167,184.6
1987/3/26,21,20,800,8.4,3,281,11.2,0.84,0.177,155,383.4
1987/3/27,21,20,800,8.4,3,281,11.2,0.84,0.177,150,568
1987/3/28,21,20,800,8.4,3,281,11.2,0.84,0.177,143,752.6
1987/3/29,21,20,800,8.4,3,281,11.2,0.84,0.177,151,951.4
1987/3/30,21,20,800,8.4,3,281,11.2,0.84,0.177,160,1136
1987/4/1,21,20,800,8.4,3,281,11.2,0.84,0.177,162,979.8
1987/4/2,21,20,800,8.4,3,281,11.2,0.84,0.177,162,809.4
1987/4/3,21,20,800,8.4,3,281,11.2,0.84,0.177,162,653.2
1987/4/4,21,20,800,8.4,3,281,11.2,0.84,0.177,162,482.8
1987/4/5,21,20,800,8.4,3,281,11.2,0.84,0.177,162,326.6
1987/4/6,21,20,800,8.4,3,281,11.2,0.84,0.177,162,156.2
1987/4/7,21,20,800,8.4,3,281,11.2,0.84,0.177,159,0
1987/4/8,20,19,420,8.2,11,226.7,13.3,0.84,0.13,156,100.8
1987/4/9,20,19,420,8.2,11,226.7,13.3,0.84,0.13,159,208.8
1987/4/10,20,19,420,8.2,11,226.7,13.3,0.84,0.13,162,309.6
1987/4/11,20,19,420,8.2,11,226.7,13.3,0.84,0.13,162,410.4
1987/4/12,20,19,420,8.2,11,226.7,13.3,0.84,0.13,162,511.2
1987/4/13,20,19,420,8.2,11,226.7,13.3,0.84,0.13,166,619.2
1987/4/14,20,19,420,8.2,11,226.7,13.3,0.84,0.13,168,720
1987/4/15,17,15,685,8.2,11,226.7,9.1,1.18,0.12,169,619.2
1987/4/16,17,15,685,8.2,11,226.7,9.1,1.18,0.12,169,511.2
1987/4/17,17,15,685,8.2,11,226.7,9.1,1.18,0.12,165,410.4
1987/4/18,17,15,685,8.2,11,226.7,9.1,1.18,0.12,160,309.6
1987/4/19,17,15,685,8.2,11,226.7,9.1,1.18,0.12,160,208.8
1987/4/20,17,15,685,8.2,11,226.7,9.1,1.18,0.12,155,100.8
1987/4/21,17,15,685,8.2,11,226.7,9.1,1.18,0.12,165,0
1987/4/22,19,17,660,8.2,11,226.7,8.1,0.64,0.07,163,0
1987/4/23,19,17,660,8.2,11,226.7,8.1,0.64,0.07,159,0
1987/4/24,19,17,660,8.2,11,226.7,8.1,0.64,0.07,154,0
1987/4/25,19,17,660,8.2,11,226.7,8.1,0.64,0.07,150,0
1987/4/26,19,17,660,8.2,11,226.7,8.1,0.64,0.07,149,0
1987/4/27,19,17,660,8.2,11,226.7,8.1,0.64,0.07,149,0
1987/4/28,19,17,660,8.2,11,226.7,8.1,0.64,0.07,155,0
1987/4/29,17,17,635,8.2,11,226.7,7.6,0.81,0.07,149,3160.1
1987/4/30,17,17,635,8.2,11,226.7,7.6,0.81,0.07,149,6320.2
1987/5/1,17,17,635,8.2,11,226.7,7.6,0.81,0.07,149,9480.3
1987/5/2,17,17,635,8.2,11,226.7,7.6,0.81,0.07,148,12647.7
1987/5/3,17,17,635,8.2,11,226.7,7.6,0.81,0.07,149,15807.8
1987/5/4,17,17,635,8.2,11,226.7,7.6,0.81,0.07,149,18967.9
1987/5/5,17,17,635,8.2,11,226.7,7.6,0.81,0.07,147,22128
1987/5/6,17.5,17,615,8.2,6,260.9,5.4,0.62,0.06,144,22095.4
1987/5/7,17.5,17,615,8.2,6,260.9,5.4,0.62,0.06,144,22062.9
1987/5/8,17.5,17,615,8.2,6,260.9,5.4,0.62,0.06,144,22030.3
1987/5/9,17.5,17,615,8.2,6,260.9,5.4,0.62,0.06,144,21997.7
1987/5/10,17.5,17,615,8.2,6,260.9,5.4,0.62,0.06,144,21965.1
1987/5/11,17.5,17,615,8.2,6,260.9,5.4,0.62,0.06,144,21932.6
1987/5/12,17.5,17,615,8.2,6,260.9,5.4,0.62,0.06,144,21900
1987/5/13,15,17,700,8.2,6,260.9,5.5,0.76,0.05,150,21941.9
1987/5/14,15,17,700,8.2,6,260.9,5.5,0.76,0.05,150,21991.1
1987/5/15,15,17,700,8.2,6,260.9,5.5,0.76,0.05,150,22033
1987/5/16,15,17,700,8.2,6,260.9,5.5,0.76,0.05,150,22075
1987/5/17,15,17,700,8.2,6,260.9,5.5,0.76,0.05,150,22116.9
1987/5/18,15,17,700,8.2,6,260.9,5.5,0.76,0.05,150,22166.1
1987/5/19,15,17,700,8.2,6,260.9,5.5,0.76,0.05,151,22208
1987/5/20,14.6,17,725,8.2,6,260.9,4,1.01,0.05,151,20295.7
1987/5/21,14.6,17,725,8.2,6,260.9,4,1.01,0.05,151,18376.1
1987/5/22,14.6,17,725,8.2,6,260.9,4,1.01,0.05,151,16463.8
1987/5/23,14.6,17,725,8.2,6,260.9,4,1.01,0.05,151,14544.2
1987/5/24,14.6,17,725,8.2,6,260.9,4,1.01,0.05,151,12631.9
1987/5/25,14.6,17,725,8.2,6,260.9,4,1.01,0.05,151,10712.3
1987/5/26,14.6,17,725,8.2,6,260.9,4,1.01,0.05,151,8800
1987/5/27,11,11,755,8.3,6,260.9,3.1,0.87,0.04,145,7666.7
1987/5/28,11,11,755,8.3,6,260.9,3.1,0.87,0.04,141,6533.3
1987/5/29,11,11,755,8.3,6,260.9,3.1,0.87,0.04,140,5400
1987/5/30,11,11,755,8.3,6,260.9,3.1,0.87,0.04,140,4266.7
1987/6/1,11,11,755,8.3,6,260.9,3.1,0.87,0.04,140,3133.3
1987/6/2,11,11,755,8.3,6,260.9,3.1,0.87,0.04,140,2000
1987/6/3,12,19,788,8.4,6,254.1,2.1,0.76,0.03,140,1714.3
1987/6/4,12,19,788,8.4,6,254.1,2.1,0.76,0.03,140,1428.6
1987/6/5,12,19,788,8.4,6,254.1,2.1,0.76,0.03,135,1142.9
1987/6/6,12,19,788,8.4,6,254.1,2.1,0.76,0.03,135,857.1
1987/6/7,12,19,788,8.4,6,254.1,2.1,0.76,0.03,135,571.4
1987/6/8,12,19,788,8.4,6,254.1,2.1,0.76,0.03,135,285.7
1987/6/9,12,19,788,8.4,6,254.1,2.1,0.76,0.03,137,0
1987/6/10,11,19,750,8.4,6,254.1,1.4,0.76,0.02,141,337
1987/6/11,11,19,750,8.4,6,254.1,1.4,0.76,0.02,138,674.1
1987/6/12,11,19,750,8.4,6,254.1,1.4,0.76,0.02,136,1011.1
1987/6/13,11,19,750,8.4,6,254.1,1.4,0.76,0.02,136,1340.9
1987/6/14,11,19,750,8.4,6,254.1,1.4,0.76,0.02,136,1677.9
1987/6/15,11,19,750,8.4,6,254.1,1.4,0.76,0.02,136,2015
1987/6/16,11,19,750,8.4,6,254.1,1.4,0.76,0.02,136,2352
1987/6/17,13,17,742,8.2,6,254.1,1,0.81,0.02,136,2015
1987/6/18,13,17,742,8.2,6,254.1,1,0.81,0.02,145,1677.9
1987/6/19,13,17,742,8.2,6,254.1,1,0.81,0.02,150,1340.9
1987/6/20,13,17,742,8.2,6,254.1,1,0.81,0.02,145,1011.1
1987/6/21,13,17,742,8.2,6,254.1,1,0.81,0.02,148,674.1
1987/6/22,13,17,742,8.2,6,254.1,1,0.81,0.02,150,337
1987/6/23,13,17,742,8.2,6,254.1,1,0.81,0.02,150,0
1987/6/24,12,17,770,8.4,6,254.1,1.3,0.81,0.01,151,0
1987/6/25,12,17,770,8.4,6,254.1,1.3,0.81,0.01,157,0
1987/6/26,12,17,770,8.4,6,254.1,1.3,0.81,0.01,168,0
1987/6/27,12,17,770,8.4,6,254.1,1.3,0.81,0.01,179,0
1987/6/28,12,17,770,8.4,6,254.1,1.3,0.81,0.01,186,0
1987/6/29,12,17,770,8.4,6,254.1,1.3,0.81,0.01,187,0
1987/6/30,12,17,770,8.4,6,254.1,1.3,0.81,0.01,187,0
1987/7/1,11.5,25,720,8.4,7,214.8,1.9,0.81,0.01,187,0
1987/7/2,11.5,25,720,8.4,7,214.8,1.9,0.81,0.01,183,0
1987/7/3,11.5,25,720,8.4,7,214.8,1.9,0.81,0.01,187,0
1987/7/4,11.5,25,720,8.4,7,214.8,1.9,0.81,0.01,189,0
1987/7/5,11.5,25,720,8.4,7,214.8,1.9,0.81,0.01,195,0
1987/7/6,11.5,25,720,8.4,7,214.8,1.9,0.81,0.01,197,0
1987/7/7,11.5,25,720,8.4,7,214.8,1.9,0.81,0.01,197,0
1987/7/8,10,26,700,8.4,7,214.8,1.1,0.98,0.02,182,0
1987/7/9,10,26,700,8.4,7,214.8,1.1,0.98,0.02,181,0
1987/7/10,10,26,700,8.4,7,214.8,1.1,0.98,0.02,179,0
1987/7/11,10,26,700,8.4,7,214.8,1.1,0.98,0.02,176,0
1987/7/12,10,26,700,8.4,7,214.8,1.1,0.98,0.02,168,0
1987/7/13,10,26,700,8.4,7,214.8,1.1,0.98,0.02,163,0
1987/7/14,10,26,700,8.4,7,214.8,1.1,0.98,0.02,160,0
1987/7/15,11,26,690,8.4,7,214.8,0.9,1.51,0.02,159,0
1987/7/16,11,26,690,8.4,7,214.8,0.9,1.51,0.02,159,0
1987/7/17,11,26,690,8.4,7,214.8,0.9,1.51,0.02,166,0
1987/7/18,11,26,690,8.4,7,214.8,0.9,1.51,0.02,169,0
1987/7/19,11,26,690,8.4,7,214.8,0.9,1.51,0.02,157,0
1987/7/20,11,26,690,8.4,7,214.8,0.9,1.51,0.02,161,0
1987/7/21,11,26,690,8.4,7,214.8,0.9,1.51,0.02,164,0
1987/7/22,10,28,650,8.4,7,222.4,1.3,0.78,0.03,165,0
1987/7/23,10,28,650,8.4,7,222.4,1.3,0.78,0.03,169,0
1987/7/24,10,28,650,8.4,7,222.4,1.3,0.78,0.03,177,0
1987/7/25,10,28,650,8.4,7,222.4,1.3,0.78,0.03,170,0
1987/7/26,10,28,650,8.4,7,222.4,1.3,0.78,0.03,158,0
1987/7/27,10,28,650,8.4,7,222.4,1.3,0.78,0.03,147,0
1987/7/28,10,28,650,8.4,7,222.4,1.3,0.78,0.03,141,0
1987/7/29,11,25,305,7.2,12,221.2,1,0.81,0.02,140,0
1987/7/30,11,25,305,7.2,12,221.2,1,0.81,0.02,143,0
1987/8/1,11,25,305,7.2,12,221.2,1,0.81,0.02,132,0
1987/8/2,11,25,305,7.2,12,221.2,1,0.81,0.02,135,0
1987/8/3,11,25,305,7.2,12,221.2,1,0.81,0.02,147,0
1987/8/4,11,25,305,7.2,12,221.2,1,0.81,0.02,143,0
1987/8/5,12,31,625,8.4,12,234.6,1.8,0.98,0.03,144,809.4
1987/8/6,12,31,625,8.4,12,234.6,1.8,0.98,0.03,148,1618.8
1987/8/7,12,31,625,8.4,12,234.6,1.8,0.98,0.03,149,2428.2
1987/8/8,12,31,625,8.4,12,234.6,1.8,0.98,0.03,149,3251.8
1987/8/9,12,31,625,8.4,12,234.6,1.8,0.98,0.03,150,4061.2
1987/8/10,12,31,625,8.4,12,234.6,1.8,0.98,0.03,151,4870.6
1987/8/11,12,31,625,8.4,12,234.6,1.8,0.98,0.03,138,5680
1987/8/12,13,28,630,8.4,12,261.1,1.3,1.01,0.03,137,5396
1987/8/13,13,28,630,8.4,12,261.1,1.3,1.01,0.03,148,5112
1987/8/14,13,28,630,8.4,12,261.1,1.3,1.01,0.03,136,4828
1987/8/15,13,28,630,8.4,12,261.1,1.3,1.01,0.03,144,4544
1987/8/16,13,28,630,8.4,12,261.1,1.3,1.01,0.03,150,4260
1987/8/17,13,28,630,8.4,12,261.1,1.3,1.01,0.03,150,3976
1987/8/18,13,30,700,8.3,12,258.3,1.6,0.95,0.02,150,4615
1987/8/19,13,30,700,8.3,12,258.3,1.6,0.95,0.02,152,5254
1987/8/20,13,30,700,8.3,12,258.3,1.6,0.95,0.02,160,5893
1987/8/21,13,30,700,8.3,12,258.3,1.6,0.95,0.02,166,6532
1987/8/22,13,30,700,8.3,12,258.3,1.6,0.95,0.02,166,7171
1987/8/23,13,30,700,8.3,12,258.3,1.6,0.95,0.02,166,7810
1987/8/24,13,30,700,8.3,12,258.3,1.6,0.95,0.02,164,8449
1987/8/25,13,30,700,8.3,12,258.3,1.6,0.95,0.02,149,9088
1987/8/26,13,28,690,8.6,5,218.5,1.4,1.04,0.03,152,8988.6
1987/8/27,13,28,690,8.6,5,218.5,1.4,1.04,0.03,153,8903.4
1987/8/28,13,28,690,8.6,5,218.5,1.4,1.04,0.03,164,8804
1987/8/29,13,28,690,8.6,5,218.5,1.4,1.04,0.03,165,8704.6
1987/8/30,13,28,690,8.6,5,218.5,1.4,1.04,0.03,163,8619.4
1987/9/1,13,28,690,8.6,5,218.5,1.4,1.04,0.03,138,8520
1987/9/2,13,29,705,8.4,5,269.8,1.3,1.04,0.01,144,11842.8
1987/9/3,13,29,705,8.4,5,269.8,1.3,1.04,0.01,135,15179.8
1987/9/4,13,29,705,8.4,5,269.8,1.3,1.04,0.01,145,18502.6
1987/9/5,13,29,705,8.4,5,269.8,1.3,1.04,0.01,153,21825.4
1987/9/6,13,29,705,8.4,5,269.8,1.3,1.04,0.01,145,25148.2
1987/9/7,13,29,705,8.4,5,269.8,1.3,1.04,0.01,156,28485.2
1987/9/8,13,29,705,8.4,5,269.8,1.3,1.04,0.01,157,31808
1987/9/9,14,26,735,8.4,5,280.1,2.3,1.26,0.01,156,34562.8
1987/9/10,14,26,735,8.4,5,280.1,2.3,1.26,0.01,156,37331.8
1987/9/11,14,26,735,8.4,5,280.1,2.3,1.26,0.01,155,40086.6
1987/9/12,14,26,735,8.4,5,280.1,2.3,1.26,0.01,155,42841.4
1987/9/13,14,26,735,8.4,5,280.1,2.3,1.26,0.01,140,45596.2
1987/9/14,14,26,735,8.4,5,280.1,2.3,1.26,0.01,143,48365.2
1987/9/15,14,26,735,8.4,5,280.1,2.3,1.26,0.01,143,51120
1987/9/16,17,34,690,8.4,5,237.5,3.4,1.4,0.02,134,44786.8
1987/9/17,17,34,690,8.4,5,237.5,3.4,1.4,0.02,132,38467.8
1987/9/18,17,34,690,8.4,5,237.5,3.4,1.4,0.02,139,32134.6
1987/9/19,17,34,690,8.4,5,237.5,3.4,1.4,0.02,139,25801.4
1987/9/20,17,34,690,8.4,5,237.5,3.4,1.4,0.02,134,19468.2
1987/9/21,17,34,690,8.4,5,237.5,3.4,1.4,0.02,127,13149.2
1987/9/22,17,34,690,8.4,5,237.5,3.4,1.4,0.02,122,6816
1987/9/23,19,26,690,8.4,5,273.6,4.1,0.92,0.05,116,6390
1987/9/24,19,26,690,8.4,5,273.6,4.1,0.92,0.05,109,5964
1987/9/25,19,26,690,8.4,5,273.6,4.1,0.92,0.05,108,5538
1987/9/26,19,26,690,8.4,5,273.6,4.1,0.92,0.05,107,5112
1987/9/27,19,26,690,8.4,5,273.6,4.1,0.92,0.05,107,4686
1987/9/28,19,26,690,8.4,5,273.6,4.1,0.92,0.05,105,4260
1987/9/29,19,26,690,8.4,5,273.6,4.1,0.92,0.05,102,3834
1987/9/30,19,26,690,8.4,5,273.6,4.1,0.92,0.05,101,3408
1987/10/1,19,27,695,8.4,5,235.4,3.6,0.9,0.12,96,29141.6
1987/10/2,19,27,695,8.4,5,235.4,3.6,0.9,0.12,91,54882.4
1987/10/3,19,27,695,8.4,5,235.4,3.6,0.9,0.12,95,80616
1987/10/4,19,27,695,8.4,5,235.4,3.6,0.9,0.12,84,106349.6
1987/10/5,19,27,695,8.4,5,235.4,3.6,0.9,0.12,96,132090.4
1987/10/6,19,27,695,8.4,5,235.4,3.6,0.9,0.12,95,157824
1987/10/7,20,23,700,8.4,5,235.1,1.4,1.4,0.03,81,158606.2
1987/10/8,20,23,700,8.4,5,235.1,1.4,1.4,0.03,80,159374.2
1987/10/9,20,23,700,8.4,5,235.1,1.4,1.4,0.03,88,160156.4
1987/10/10,20,23,700,8.4,5,235.1,1.4,1.4,0.03,84,160931.6
1987/10/11,20,23,700,8.4,5,235.1,1.4,1.4,0.03,77,161713.8
1987/10/12,20,23,700,8.4,5,235.1,1.4,1.4,0.03,78,162481.8
1987/10/13,20,23,700,8.4,5,235.1,1.4,1.4,0.03,84,163264
1987/10/14,21,19,700,8.4,5,223.6,0.8,1.23,0.04,80,155778
1987/10/15,21,19,700,8.4,5,223.6,0.8,1.23,0.04,72,148292
1987/10/16,21,19,700,8.4,5,223.6,0.8,1.23,0.04,69,140806
1987/10/17,21,19,700,8.4,5,223.6,0.8,1.23,0.04,68,133320
1987/10/18,21,19,700,8.4,5,223.6,0.8,1.23,0.04,72,125834
1987/10/19,21,19,700,8.4,5,223.6,0.8,1.23,0.04,69,118348
1987/10/20,21,19,700,8.4,5,223.6,0.8,1.23,0.04,77,110862
1987/10/21,21,19,700,8.4,5,223.6,0.8,1.23,0.04,73,103376
1987/10/22,21,28,690,8.3,6,220.5,2.1,1.29,0.03,74,85654.4
1987/10/23,21,28,690,8.3,6,220.5,2.1,1.29,0.03,86,67932.8
1987/10/24,21,28,690,8.3,6,220.5,2.1,1.29,0.03,115,50211.2
1987/10/25,21,28,690,8.3,6,220.5,2.1,1.29,0.03,160,32489.6
1987/10/26,21,28,690,8.3,6,220.5,2.1,1.29,0.03,217,14768
1987/10/27,24,25,745,8.4,5,245.5,2.3,1.01,0.03,255,13958.6
1987/10/28,24,25,745,8.4,5,245.5,2.3,1.01,0.03,260,13149.2
1987/10/29,24,25,745,8.4,5,245.5,2.3,1.01,0.03,271,12339.8
1987/10/30,24,25,745,8.4,5,245.5,2.3,1.01,0.03,277,11516.2
1987/11/1,24,25,745,8.4,5,245.5,2.3,1.01,0.03,283,10706.8
1987/11/2,24,25,745,8.4,5,245.5,2.3,1.01,0.03,302,9897.4
1987/11/3,24,25,745,8.4,5,245.5,2.3,1.01,0.03,298,9088
1987/11/4,24,28,780,8.2,5,243,1.5,1.09,0.18,297,8931.8
1987/11/5,24,28,780,8.2,5,243,1.5,1.09,0.18,286,8761.4
1987/11/6,24,28,780,8.2,5,243,1.5,1.09,0.18,284,8605.2
1987/11/7,24,28,780,8.2,5,243,1.5,1.09,0.18,284,8434.8
1987/11/8,24,28,780,8.2,5,243,1.5,1.09,0.18,282,8278.6
1987/11/9,24,28,780,8.2,5,243,1.5,1.09,0.18,295,8108.2
1987/11/10,24,28,780,8.2,5,243,1.5,1.09,0.18,305,7952
1987/11/11,24,31,810,8.2,5,292.9,4.6,1.23,0.01,317,113389.2
1987/11/12,24,31,810,8.2,5,292.9,4.6,1.23,0.01,316,218812.2
1987/11/13,24,31,810,8.2,5,292.9,4.6,1.23,0.01,322,324249.4
1987/11/14,24,31,810,8.2,5,292.9,4.6,1.23,0.01,310,429686.6
1987/11/15,24,31,810,8.2,5,292.9,4.6,1.23,0.01,299,535123.8
1987/11/16,24,31,810,8.2,5,292.9,4.6,1.23,0.01,304,640546.8
1987/11/17,24,31,810,8.2,5,292.9,4.6,1.23,0.01,305,745984
1987/11/18,23,55,1050,8.3,47,383.8,15.2,1.26,0.02,298,761862.6
1987/11/19,23,55,1050,8.3,47,383.8,15.2,1.26,0.02,305,777741.2
1987/11/20,23,55,1050,8.3,47,383.8,15.2,1.26,0.02,306,793619.8
1987/11/21,23,55,1050,8.3,47,383.8,15.2,1.26,0.02,306,809484.2
1987/11/22,23,55,1050,8.3,47,383.8,15.2,1.26,0.02,304,825362.8
1987/11/23,23,55,1050,8.3,47,383.8,15.2,1.26,0.02,313,841241.4
1987/11/24,23,55,1050,8.3,47,383.8,15.2,1.26,0.02,336,857120
1987/11/25,23,66,1070,8.3,47,367.5,14.9,2.04,0.09,368,844458.2
1987/11/26,23,66,1070,8.3,47,367.5,14.9,2.04,0.09,410,831789.2
1987/11/27,23,66,1070,8.3,47,367.5,14.9,2.04,0.09,453,819127.4
1987/11/28,23,66,1070,8.3,47,367.5,14.9,2.04,0.09,495,806472.6
1987/11/29,23,66,1070,8.3,47,367.5,14.9,2.04,0.09,546,793810.8
1987/11/30,23,66,1070,8.3,47,367.5,14.9,2.04,0.09,582,781141.8
1987/12/1,23,66,1070,8.3,47,367.5,14.9,2.04,0.09,609,768480
1987/12/2,23,145,1150,8.2,47,400.5,18.4,2.27,0.19,619,755818.2
1987/12/3,23,145,1150,8.2,47,400.5,18.4,2.27,0.19,663,743149.2
1987/12/4,23,145,1150,8.2,47,400.5,18.4,2.27,0.19,728,730487.4
1987/12/5,23,145,1150,8.2,47,400.5,18.4,2.27,0.19,841,717832.6
1987/12/6,23,145,1150,8.2,47,400.5,18.4,2.27,0.19,943,705170.8
1987/12/7,23,145,1150,8.2,47,400.5,18.4,2.27,0.19,1036,692501.8
1987/12/8,23,145,1150,8.2,47,400.5,18.4,2.27,0.19,1128,679840
1987/12/9,27,92,889,8.3,47,295.6,19.4,1.9,0.09,1206,630767.2
1987/12/10,27,92,889,8.3,47,295.6,19.4,1.9,0.09,1260,581701.6
1987/12/11,27,92,889,8.3,47,295.6,19.4,1.9,0.09,1275,532628.8
1987/12/12,27,92,889,8.3,47,295.6,19.4,1.9,0.09,1267,483563.2
1987/12/13,27,92,889,8.3,47,295.6,19.4,1.9,0.09,1241,434490.4
1987/12/14,27,92,889,8.3,47,295.6,19.4,1.9,0.09,1225,385424.8
1987/12/15,27,92,889,8.3,47,295.6,19.4,1.9,0.09,1211,336352
1987/12/16,25,100,850,8.2,8,281.4,16.5,1.37,0.12,1210,319166.8
1987/12/17,25,100,850,8.2,8,281.4,16.5,1.37,0.12,1202,301981.4
1987/12/18,25,100,850,8.2,8,281.4,16.5,1.37,0.12,1198,284796.2
1987/12/19,25,100,850,8.2,8,281.4,16.5,1.37,0.12,1180,267603.8
1987/12/20,25,100,850,8.2,8,281.4,16.5,1.37,0.12,1164,250418.6
1987/12/21,25,100,850,8.2,8,281.4,16.5,1.37,0.12,1167,233233.2
1987/12/22,25,100,850,8.2,8,281.4,16.5,1.37,0.12,1210,216048
1987/12/23,24,89,831,8.2,8,283.7,17.2,1.43,0.12,1318,191334.8
1987/12/24,24,89,831,8.2,8,283.7,17.2,1.43,0.12,1497,166621.8
1987/12/25,24,89,831,8.2,8,283.7,17.2,1.43,0.12,1689,141908.6
1987/12/26,24,89,831,8.2,8,283.7,17.2,1.43,0.12,1863,117195.4
1987/12/27,24,89,831,8.2,8,283.7,17.2,1.43,0.12,1992,92482.2
1987/12/28,24,89,831,8.2,8,283.7,17.2,1.43,0.12,2168,67769.2
1987/12/29,24,89,831,8.2,8,283.7,17.2,1.43,0.12,2257,43056
1987/12/30,26,78,750,8.1,8,250.2,14.9,1.26,0.12,2299,43794.4
1988/1/1,26,78,750,8.1,8,250.2,14.9,1.26,0.12,2392,44525.6
1988/1/2,26,78,750,8.1,8,250.2,14.9,1.26,0.12,2397,45264
1988/1/3,26,78,750,8.1,8,250.2,14.9,1.26,0.12,2406,46002.4
1988/1/4,26,78,750,8.1,8,250.2,14.9,1.26,0.12,2405,46733.6
1988/1/5,26,78,750,8.1,8,250.2,14.9,1.26,0.12,2394,47472
1988/1/6,28,66,715,8,8,245.6,14,0.9,0.14,2382,40687.2
1988/1/7,28,66,715,8,8,245.6,14,0.9,0.14,2368,33909.6
1988/1/8,28,66,715,8,8,245.6,14,0.9,0.14,2351,27124.8
1988/1/9,28,66,715,8,8,245.6,14,0.9,0.14,2336,20347.2
1988/1/10,28,66,715,8,8,245.6,14,0.9,0.14,2301,13562.4
1988/1/11,28,66,715,8,8,245.6,14,0.9,0.14,2285,6784.8
1988/1/12,28,66,715,8,8,245.6,14,0.9,0.14,2287,0
1988/1/13,26,61,745,8.2,2,247.1,15.6,0.9,0.11,2276,244.8
1988/1/14,26,61,745,8.2,2,247.1,15.6,0.9,0.11,2253,496.8
1988/1/15,26,61,745,8.2,2,247.1,15.6,0.9,0.11,2230,741.6
1988/1/16,26,61,745,8.2,2,247.1,15.6,0.9,0.11,2209,986.4
1988/1/17,26,61,745,8.2,2,247.1,15.6,0.9,0.11,2193,1231.2
1988/1/18,26,61,745,8.2,2,247.1,15.6,0.9,0.11,2195,1483.2
1988/1/19,26,61,745,8.2,2,247.1,15.6,0.9,0.11,2213,1728
1988/1/20,26,81,785,8.1,2,221.2,17,0.92,0.16,2207,1533.6
1988/1/21,26,81,785,8.1,2,221.2,17,0.92,0.16,2195,1346.4
1988/1/22,26,81,785,8.1,2,221.2,17,0.92,0.16,2199,1152
1988/1/23,26,81,785,8.1,2,221.2,17,0.92,0.16,2222,957.6
1988/1/24,26,81,785,8.1,2,221.2,17,0.92,0.16,2253,770.4
1988/1/25,26,81,785,8.1,2,221.2,17,0.92,0.16,2299,576
1988/1/26,26,81,785,8.1,2,221.2,17,0.92,0.16,2356,381.6
1988/1/27,26,81,785,8.1,2,221.2,17,0.92,0.16,2405,194.4
1988/1/28,26,81,785,8.1,2,221.2,17,0.92,0.16,2447,0
1988/1/29,24,59,780,8.3,2,259.3,15.5,0.98,0.02,2458,0
1988/1/30,24,59,780,8.3,2,259.3,15.5,0.98,0.02,2466,0
1988/2/1,24,59,780,8.3,2,259.3,15.5,0.98,0.02,2439,0
1988/2/2,24,59,780,8.3,2,259.3,15.5,0.98,0.02,2430,0
1988/2/3,23,63,780,8.2,2,260.8,17.9,0.78,0.14,2416,0
1988/2/4,23,63,780,8.2,2,260.8,17.9,0.78,0.14,2392,0
1988/2/5,23,63,780,8.2,2,260.8,17.9,0.78,0.14,2357,0
1988/2/6,23,63,780,8.2,2,260.8,17.9,0.78,0.14,2301,0
1988/2/7,23,63,780,8.2,2,260.8,17.9,0.78,0.14,2172,0
1988/2/8,23,63,780,8.2,2,260.8,17.9,0.78,0.14,1985,0
1988/2/9,23,63,780,8.2,2,260.8,17.9,0.78,0.14,1762,0
1988/2/10,25,42,805,8.3,2,280.1,18,0.67,0.12,1526,14336.8
1988/2/11,25,42,805,8.3,2,280.1,18,0.67,0.12,1308,28673.4
1988/2/12,25,42,805,8.3,2,280.1,18,0.67,0.12,1148,43010.2
1988/2/13,25,42,805,8.3,2,280.1,18,0.67,0.12,1022,57339.8
1988/2/14,25,42,805,8.3,2,280.1,18,0.67,0.12,908,71676.6
1988/2/15,25,42,805,8.3,2,280.1,18,0.67,0.12,794,86013.2
1988/2/16,25,42,805,8.3,2,280.1,18,0.67,0.12,713,100350
1988/2/17,24,33,840,8.3,2,293.5,18,0.98,0.12,604,109881.2
1988/2/18,24,33,840,8.3,2,293.5,18,0.98,0.12,501,119398.2
1988/2/19,24,33,840,8.3,2,293.5,18,0.98,0.12,418,128929.4
1988/2/20,24,33,840,8.3,2,293.5,18,0.98,0.12,342,138460.6
1988/2/21,24,33,840,8.3,2,293.5,18,0.98,0.12,289,147991.8
1988/2/22,24,33,840,8.3,2,293.5,18,0.98,0.12,259,157508.8
1988/2/23,24,33,840,8.3,2,293.5,18,0.98,0.12,236,167040
1988/2/24,25,25,840,8.3,2,304.5,18.4,0.7,0.13,216,161229.6
1988/2/25,25,25,840,8.3,2,304.5,18.4,0.7,0.13,210,155412
1988/2/26,25,25,840,8.3,2,304.5,18.4,0.7,0.13,206,149601.6
1988/2/27,25,25,840,8.3,2,304.5,18.4,0.7,0.13,203,143784
1988/2/28,25,25,840,8.3,2,304.5,18.4,0.7,0.13,205,137973.6
1988/2/29,25,25,840,8.3,2,304.5,18.4,0.7,0.13,210,132156
1988/02/00,25,25,840,8.3,2,304.5,18.4,0.7,0.13,210,126345.6
1988/3/1,25,25,840,8.3,2,304.5,18.4,0.7,0.13,210,120528
1988/3/2,24,26,870,8.2,2,308.2,18.3,0.64,0.12,207,106482.6
1988/3/3,24,26,870,8.2,2,308.2,18.3,0.64,0.12,195,92444.2
1988/3/4,24,26,870,8.2,2,308.2,18.3,0.64,0.12,189,78398.8
1988/3/5,24,26,870,8.2,2,308.2,18.3,0.64,0.12,191,64353.2
1988/3/6,24,26,870,8.2,2,308.2,18.3,0.64,0.12,190,50307.8
1988/3/7,24,26,870,8.2,2,308.2,18.3,0.64,0.12,192,36269.4
1988/3/8,24,26,870,8.2,2,308.2,18.3,0.64,0.12,191,22224
1988/3/9,19,29,905,8.3,6,316.4,19.3,0.84,0.09,186,26162.8
1988/3/10,19,29,905,8.3,6,316.4,19.3,0.84,0.09,180,30087.4
1988/3/11,19,29,905,8.3,6,316.4,19.3,0.84,0.09,170,34026.2
1988/3/12,19,29,905,8.3,6,316.4,19.3,0.84,0.09,169,37957.8
1988/3/13,19,29,905,8.3,6,316.4,19.3,0.84,0.09,161,41896.6
1988/3/14,19,29,905,8.3,6,316.4,19.3,0.84,0.09,165,45821.2
1988/3/15,19,29,905,8.3,6,316.4,19.3,0.84,0.09,169,49760
1988/3/16,26,30,910,8.2,6,321,20.9,0.95,0.1,162,49224.6
1988/3/17,26,30,910,8.2,6,321,20.9,0.95,0.1,160,48703.4
1988/3/18,26,30,910,8.2,6,321,20.9,0.95,0.1,154,48168
1988/3/19,26,30,910,8.2,6,321,20.9,0.95,0.1,154,47632.6
1988/3/20,26,30,910,8.2,6,321,20.9,0.95,0.1,155,47111.4
1988/3/21,26,30,910,8.2,6,321,20.9,0.95,0.1,156,46576
1988/3/22,22.5,36,930,8.2,6,327.1,15.8,0.79,0.09,149,50836
1988/3/23,22.5,36,930,8.2,6,327.1,15.8,0.79,0.09,144,55096
1988/3/24,22.5,36,930,8.2,6,327.1,15.8,0.79,0.09,146,59356
1988/3/25,22.5,36,930,8.2,6,327.1,15.8,0.79,0.09,145,63616
1988/3/26,22.5,36,930,8.2,6,327.1,15.8,0.79,0.09,141,67876
1988/3/27,22.5,36,930,8.2,6,327.1,15.8,0.79,0.09,144,72136
1988/3/28,22.5,36,930,8.2,6,327.1,15.8,0.79,0.09,146,76396
1988/3/29,22.5,36,930,8.2,6,327.1,15.8,0.79,0.09,157,80656
1988/3/30,21,29,950,8.2,6,328.3,17.6,0.84,0.19,169,75544
1988/4/1,21,29,950,8.2,6,328.3,17.6,0.84,0.19,209,70432
1988/4/2,21,29,950,8.2,6,328.3,17.6,0.84,0.19,217,65320
1988/4/3,21,29,950,8.2,6,328.3,17.6,0.84,0.19,223,60208
1988/4/4,21,29,950,8.2,6,328.3,17.6,0.84,0.19,215,55096
1988/4/5,21,29,950,8.2,6,328.3,17.6,0.84,0.19,215,49984
1988/4/6,21,32,930,8.2,6,319.1,12.2,0.95,0.01,214,46732.2
1988/4/7,21,32,930,8.2,6,319.1,12.2,0.95,0.01,213,43494.6
1988/4/8,21,32,930,8.2,6,319.1,12.2,0.95,0.01,212,40242.8
1988/4/9,21,32,930,8.2,6,319.1,12.2,0.95,0.01,210,37005.2
1988/4/10,21,32,930,8.2,6,319.1,12.2,0.95,0.01,208,33753.4
1988/4/11,21,32,930,8.2,6,319.1,12.2,0.95,0.01,213,30515.8
1988/4/12,21,32,930,8.2,6,319.1,12.2,0.95,0.01,216,27264
1988/4/13,19,25,955,8.2,6,257.71,12.5,1.12,0.01,210,28746.9
1988/4/14,19,25,955,8.2,6,257.71,12.5,1.12,0.01,217,30215.6
1988/4/15,19,25,955,8.2,6,257.71,12.5,1.12,0.01,197,31698.5
1988/4/16,19,25,955,8.2,6,257.71,12.5,1.12,0.01,193,33181.5
1988/4/17,19,25,955,8.2,6,257.71,12.5,1.12,0.01,192,34664.4
1988/4/18,19,25,955,8.2,6,257.71,12.5,1.12,0.01,196,36133.1
1988/4/19,19,25,955,8.2,6,257.71,12.5,1.12,0.01,197,37616
1988/4/20,18,26,870,8.2,6,289.5,11,1.12,0.05,202,32914
1988/4/21,18,26,870,8.2,6,289.5,11,1.12,0.05,201,28212
1988/4/22,18,26,870,8.2,6,289.5,11,1.12,0.05,200,23510
1988/4/23,18,26,870,8.2,6,289.5,11,1.12,0.05,190,18808
1988/4/24,18,26,870,8.2,6,289.5,11,1.12,0.05,177,14106
1988/4/25,18,26,870,8.2,6,289.5,11,1.12,0.05,164,9404
1988/4/26,18,26,870,8.2,6,289.5,11,1.12,0.05,155,4702
1988/4/27,18,26,870,8.2,6,289.5,11,1.12,0.05,156,0
1988/4/28,21,26,540,8.2,6,276.4,9,0.84,0.04,163,0
1988/4/29,21,26,540,8.2,6,276.4,9,0.84,0.04,159,0
1988/4/30,21,26,540,8.2,6,276.4,9,0.84,0.04,172,0
1988/5/1,21,26,540,8.2,6,276.4,9,0.84,0.04,175,0
1988/5/2,21,26,540,8.2,6,276.4,9,0.84,0.04,179,0
1988/5/3,21,26,540,8.2,6,276.4,9,0.84,0.04,186,0
1988/5/4,18,28,830,8.2,238,259.6,9.5,0.81,0.04,187,11367.9
1988/5/5,18,28,830,8.2,238,259.6,9.5,0.81,0.04,208,22735.8
1988/5/6,18,28,830,8.2,238,259.6,9.5,0.81,0.04,208,34103.7
1988/5/7,18,28,830,8.2,238,259.6,9.5,0.81,0.04,207,45464.3
1988/5/8,18,28,830,8.2,238,259.6,9.5,0.81,0.04,213,56832.2
1988/5/9,18,28,830,8.2,238,259.6,9.5,0.81,0.04,245,68200.1
1988/5/10,18,28,830,8.2,238,259.6,9.5,0.81,0.04,325,79568
1988/5/11,17,43,620,8.2,238,220,13,0.56,0.05,424,68200.1
1988/5/12,17,43,620,8.2,238,220,13,0.56,0.05,475,56832.2
1988/5/13,17,43,620,8.2,238,220,13,0.56,0.05,495,45464.3
1988/5/14,17,43,620,8.2,238,220,13,0.56,0.05,494,34103.7
1988/5/15,17,43,620,8.2,238,220,13,0.56,0.05,451,22735.8
1988/5/16,17,43,620,8.2,238,220,13,0.56,0.05,416,11367.9
1988/5/17,17,43,620,8.2,238,220,13,0.56,0.05,392,0
1988/5/18,15,53,525,8.4,238,203.2,12.1,0.81,0.04,350,0
1988/5/19,15,53,525,8.4,238,203.2,12.1,0.81,0.04,328,0
1988/5/20,15,53,525,8.4,238,203.2,12.1,0.81,0.04,307,0
1988/5/21,15,53,525,8.4,238,203.2,12.1,0.81,0.04,288,0
1988/5/22,15,53,525,8.4,238,203.2,12.1,0.81,0.04,283,0
1988/5/23,15,53,525,8.4,238,203.2,12.1,0.81,0.04,391,0
1988/5/24,15,53,525,8.4,238,203.2,12.1,0.81,0.04,560,0
1988/5/25,13,320,435,7.6,238,142.8,26.6,1.46,0.19,694,0
1988/5/26,13,320,435,7.6,238,142.8,26.6,1.46,0.19,762,0
1988/5/27,13,320,435,7.6,238,142.8,26.6,1.46,0.19,797,0
1988/5/28,13,320,435,7.6,238,142.8,26.6,1.46,0.19,824,0
1988/5/29,13,320,435,7.6,238,142.8,26.6,1.46,0.19,816,0
1988/5/30,13,320,435,7.6,238,142.8,26.6,1.46,0.19,812,0
1988/6/1,12,145,270,7.8,58,143.42,26.3,1.29,0.39,846,0
